source,category,title,description,href,image_url,image_key
china-zh-cn,CDN与边缘计算,CloudPond,将云基础设施部署到机房用于边缘计算,https://www.huaweicloud.com/product/ies.html,https://res-static.hc-cdn.cn/cloudbu-site/public/new-product-icon/ContentDeliveryEdgeComputing/IES.png,ContentDeliveryEdgeComputing/IES.png
china-zh-cn,CDN与边缘计算,全站加速 WSA,提升网络传输的性能、稳定性和访问体验,https://www.huaweicloud.com/product/wsa.html,https://res-static.hc-cdn.cn/cloudbu-site/public/new-product-icon/ContentDeliveryEdgeComputing/WSA.png,ContentDeliveryEdgeComputing/WSA.png
china-zh-cn,CDN与边缘计算,内容分发网络 CDN,就近获得所需内容，改善网络拥挤状况,https://www.huaweicloud.com/product/cdn.html,https://res-static.hc-cdn.cn/cloudbu-site/public/new-product-icon/ContentDeliveryEdgeComputing/CDN.png,ContentDeliveryEdgeComputing/CDN.png
china-zh-cn,CDN与边缘计算,智能边缘云 IEC,部署在距用户更近的位置，提供低时延体验,https://www.huaweicloud.com/product/iec.html,https://res-static.hc-cdn.cn/cloudbu-site/public/new-product-icon/ContentDeliveryEdgeComputing/IEC.png,ContentDeliveryEdgeComputing/IEC.png
china-zh-cn,Uncategorized,DDoS防护 AAD,快速缓解对业务造成瘫痪的网络攻击,https://www.huaweicloud.com/product/aad.html,https://res-static.hc-cdn.cn/cloudbu-site/public/new-product-icon/SecurityCompliance/AAD.png,SecurityCompliance/AAD.png
china-zh-cn,Uncategorized,Flexus云数据库RDS,基于开源MySQL内核的轻量级数据库,https://www.huaweicloud.com/product/flexus-rds.html,https://res-static.hc-cdn.cn/cloudbu-site/public/new-product-icon/Compute/FRDS.png,Compute/FRDS.png
china-zh-cn,Uncategorized,Flexus企业搜索服务,基于开源Elasticsearch提供在线分布式搜索,https://www.huaweicloud.com/product/flexus-search-service.html,https://res-static.hc-cdn.cn/cloudbu-site/public/new-product-icon/Analytics/FlexusCSS.svg,Analytics/FlexusCSS.svg
china-zh-cn,Uncategorized,Flexus智能数据洞察,支撑业务实时高效决策的BI服务,https://www.huaweicloud.com/product/flexus-intelligent-data-insight.html,https://res-static.hc-cdn.cn/cloudbu-site/public/new-product-icon/Compute/FlexusInsight.svg,Compute/FlexusInsight.svg
china-zh-cn,Uncategorized,MapReduce服务 MRS,企业级大数据集群云服务,https://www.huaweicloud.com/product/mrs.html,https://res-static.hc-cdn.cn/cloudbu-site/public/new-product-icon/Analytics/MapReduce.png,Analytics/MapReduce.png
china-zh-cn,Uncategorized,Web应用防火墙 WAF,识别恶意请求特征和防御未知威胁,https://www.huaweicloud.com/product/waf.html,https://res-static.hc-cdn.cn/cloudbu-site/public/new-product-icon/SecurityCompliance/WAF.png,SecurityCompliance/WAF.png
china-zh-cn,Uncategorized,云堡垒机 CBH,主机管理、权限控制、运维审计,https://www.huaweicloud.com/product/cbh.html,https://res-static.hc-cdn.cn/cloudbu-site/public/new-product-icon/SecurityCompliance/CBH.png,SecurityCompliance/CBH.png
china-zh-cn,Uncategorized,云搜索服务 CSS,提供多条件检索与分析能力,https://www.huaweicloud.com/product/es.html,https://res-static.hc-cdn.cn/cloudbu-site/public/new-product-icon/Analytics/CSS.png,Analytics/CSS.png
china-zh-cn,Uncategorized,云数据库 GaussDB,新一代企业级分布式关系型数据库产品,https://www.huaweicloud.com/product/gaussdb.html,https://res-static.hc-cdn.cn/cloudbu-site/public/new-product-icon/Databases/GaussDB.png,Databases/GaussDB.png
china-zh-cn,Uncategorized,云数据库 GeminiDB,云原生多模数据库，兼容主流NoSQL协议,https://www.huaweicloud.com/product/geminidb.html,https://res-static.hc-cdn.cn/cloudbu-site/public/new-product-icon/Databases/GaussDBfornosql.png,Databases/GaussDBfornosql.png
china-zh-cn,Uncategorized,云数据库 RDS for MariaDB,开源数据库、即开即用、稳定可靠,https://www.huaweicloud.com/product/mariadb.html,https://res-static.hc-cdn.cn/cloudbu-site/public/new-product-icon/Databases/RDSforMariaDB.png,Databases/RDSforMariaDB.png
china-zh-cn,Uncategorized,云数据库 RDS for MySQL,稳定可靠、安全运行、弹性伸缩,https://www.huaweicloud.com/product/mysql.html,https://res-static.hc-cdn.cn/cloudbu-site/public/new-product-icon/Databases/RDSforMySQL.png,Databases/RDSforMySQL.png
china-zh-cn,Uncategorized,云数据库 RDS for PostgreSQL,开源数据库，保证数据的可靠性和完整性,https://www.huaweicloud.com/product/pg.html,https://res-static.hc-cdn.cn/cloudbu-site/public/new-product-icon/Databases/RDSforPostgreSQL.png,Databases/RDSforPostgreSQL.png
china-zh-cn,Uncategorized,云数据库 RDS for SQLServer,世界上广受欢迎的商用关系型数据库之一,https://www.huaweicloud.com/product/mssql.html,https://res-static.hc-cdn.cn/cloudbu-site/public/new-product-icon/Databases/RDSforSQLServer.png,Databases/RDSforSQLServer.png
china-zh-cn,Uncategorized,云数据库 TaurusDB,新一代完全兼容MySQL的企业级数据库,https://www.huaweicloud.com/product/taurusdb.html,https://res-static.hc-cdn.cn/cloudbu-site/public/new-product-icon/Databases/GaussDBforMySQL.png,Databases/GaussDBforMySQL.png
china-zh-cn,Uncategorized,云证书与管理服务 CCM,SSL证书和私有证书管理,https://www.huaweicloud.com/product/ccm.html,https://res-static.hc-cdn.cn/cloudbu-site/public/new-product-icon/SecurityCompliance/SSL.png,SecurityCompliance/SSL.png
china-zh-cn,Uncategorized,云防火墙 CFW,网络流量管控与入侵安全防护,https://www.huaweicloud.com/product/cfw.html,https://res-static.hc-cdn.cn/cloudbu-site/public/new-product-icon/SecurityCompliance/CFW.png,SecurityCompliance/CFW.png
china-zh-cn,Uncategorized,交换数据空间 EDS,主权可控的数据安全交换服务,,https://res-static.hc-cdn.cn/cloudbu-site/public/new-product-icon/aPaaS/EDS.png,aPaaS/EDS.png
china-zh-cn,Uncategorized,企业主机安全 HSS,服务器贴身安全管家,https://www.huaweicloud.com/product/hss.html,https://res-static.hc-cdn.cn/cloudbu-site/public/new-product-icon/SecurityCompliance/HSS.png,SecurityCompliance/HSS.png
china-zh-cn,Uncategorized,分布式数据库中间件 DDM,突破容量和性能瓶颈，支持高并发访问,https://www.huaweicloud.com/product/ddm.html,https://res-static.hc-cdn.cn/cloudbu-site/public/new-product-icon/Databases/DDM.png,Databases/DDM.png
china-zh-cn,Uncategorized,分布式缓存服务 DCS,兼容Redis®的高速内存数据处理引擎,https://www.huaweicloud.com/product/dcs.html,https://res-static.hc-cdn.cn/cloudbu-site/public/new-product-icon/Middleware/Redis.png,Middleware/Redis.png
china-zh-cn,Uncategorized,区块链服务 BCS,高性能、高安全的区块链技术平台服务,https://www.huaweicloud.com/product/bcs.html,https://res-static.hc-cdn.cn/cloudbu-site/public/new-product-icon/Blockchain/BCS.png,Blockchain/BCS.png
china-zh-cn,Uncategorized,可信智能计算服务 TICS,一站式数据可信流通平台服务,https://www.huaweicloud.com/product/tics.html,https://res-static.hc-cdn.cn/cloudbu-site/public/new-product-icon/Analytics/TICS.png,Analytics/TICS.png
china-zh-cn,Uncategorized,安全云脑 SecMaster,云原生的新一代智能安全运营中心,https://www.huaweicloud.com/product/secmaster.html,https://res-static.hc-cdn.cn/cloudbu-site/public/new-product-icon/SecurityCompliance/SecMaster.png,SecurityCompliance/SecMaster.png
china-zh-cn,Uncategorized,实时流计算服务 CS,实时大数据分析平台,https://www.huaweicloud.com/product/cs.html,https://res-static.hc-cdn.cn/cloudbu-site/public/new-product-icon/Analytics/CS.png,Analytics/CS.png
china-zh-cn,Uncategorized,密码安全中心 DEW,云上数据加密和密钥托管服务,https://www.huaweicloud.com/product/dew.html,https://res-static.hc-cdn.cn/cloudbu-site/public/new-product-icon/SecurityCompliance/DEW.png,SecurityCompliance/DEW.png
china-zh-cn,Uncategorized,数据仓库服务 DWS,极致性能、稳定、按需扩展的数据仓库,https://www.huaweicloud.com/product/dws.html,https://res-static.hc-cdn.cn/cloudbu-site/public/new-product-icon/Analytics/DWS.png,Analytics/DWS.png
china-zh-cn,Uncategorized,数据可视化 DLV,提供可视化组件定制和应用数据大屏,https://www.huaweicloud.com/product/dlv.html,https://res-static.hc-cdn.cn/cloudbu-site/public/new-product-icon/Analytics/DLV.png,Analytics/DLV.png
china-zh-cn,Uncategorized,数据复制服务 DRS,业务不停机中完成数据库迁移上云,https://www.huaweicloud.com/product/drs.html,https://res-static.hc-cdn.cn/cloudbu-site/public/new-product-icon/Databases/DRS.png,Databases/DRS.png
china-zh-cn,Uncategorized,数据安全中心 DSC,云原生数据安全治理平台,https://www.huaweicloud.com/product/dsc.html,https://res-static.hc-cdn.cn/cloudbu-site/public/new-product-icon/SecurityCompliance/DSC.png,SecurityCompliance/DSC.png
china-zh-cn,Uncategorized,数据库和应用迁移 UGO,异构数据库结构和应用迁移的专业工具,https://www.huaweicloud.com/product/ugo.html,https://res-static.hc-cdn.cn/cloudbu-site/public/new-product-icon/Databases/UGO.png,Databases/UGO.png
china-zh-cn,Uncategorized,数据库安全服务 DBSS,数据库审计，SQL注入攻击检测,https://www.huaweicloud.com/product/dbss.html,https://res-static.hc-cdn.cn/cloudbu-site/public/new-product-icon/SecurityCompliance/DBSS.png,SecurityCompliance/DBSS.png
china-zh-cn,Uncategorized,数据接入服务 DIS,实时数据接入、处理、转储服务,https://www.huaweicloud.com/product/dis.html,https://res-static.hc-cdn.cn/cloudbu-site/public/new-product-icon/Analytics/DIS.png,Analytics/DIS.png
china-zh-cn,Uncategorized,数据治理中心 DataArts Studio,一站式数据开发与治理平台,https://www.huaweicloud.com/product/dayu.html,https://res-static.hc-cdn.cn/cloudbu-site/public/new-product-icon/Analytics/DataArts.png,Analytics/DataArts.png
china-zh-cn,Uncategorized,数据湖探索 DLI,流处理，批处理和交互式的融合处理,https://www.huaweicloud.com/product/dli.html,https://res-static.hc-cdn.cn/cloudbu-site/public/new-product-icon/Analytics/DLI.png,Analytics/DLI.png
china-zh-cn,Uncategorized,数据管理服务 DAS,数据库管理专家,https://www.huaweicloud.com/product/das.html,https://res-static.hc-cdn.cn/cloudbu-site/public/new-product-icon/Databases/DAS.png,Databases/DAS.png
china-zh-cn,Uncategorized,数智融合计算服务 DataArts Fabric,提供一站式数据+AI开发平台,https://www.huaweicloud.com/product/dataartsfabric.html,https://res-static.hc-cdn.cn/cloudbu-site/public/new-product-icon/Analytics/DataArtsFabric.png,Analytics/DataArtsFabric.png
china-zh-cn,Uncategorized,文档数据库服务 DDS,支持集群和副本集部署，弹性伸缩,https://www.huaweicloud.com/product/dds.html,https://res-static.hc-cdn.cn/cloudbu-site/public/new-product-icon/Databases/DDS.png,Databases/DDS.png
china-zh-cn,Uncategorized,日志分析服务 Log,提供开箱即用的ELK日志解决方案,https://www.huaweicloud.com/product/log.html,https://res-static.hc-cdn.cn/cloudbu-site/public/new-product-icon/Analytics/Log.png,Analytics/Log.png
china-zh-cn,Uncategorized,智能数据洞察 DataArts Insight,新一代BI服务，支撑业务实时高效决策,https://www.huaweicloud.com/product/dataartsinsight.html,https://res-static.hc-cdn.cn/cloudbu-site/public/new-product-icon/Analytics/DataArts-Insight.png,Analytics/DataArts-Insight.png
china-zh-cn,Uncategorized,湖仓构建 LakeFormation,高效搭建数智融合一体化解决方案,https://www.huaweicloud.com/product/lakeformation.html,https://res-static.hc-cdn.cn/cloudbu-site/public/new-product-icon/Analytics/LakeFormation.png,Analytics/LakeFormation.png
china-zh-cn,Uncategorized,表格存储服务 CloudTable,企业级托管型云数仓产品,https://www.huaweicloud.com/product/cloudtable.html,https://res-static.hc-cdn.cn/cloudbu-site/public/new-product-icon/Analytics/CloudTable.png,Analytics/CloudTable.png
china-zh-cn,Uncategorized,边缘安全 EdgeSec,保护边缘应用安全，提升安全加速体验,https://www.huaweicloud.com/product/edgesec.html,https://res-static.hc-cdn.cn/cloudbu-site/public/new-product-icon/SecurityCompliance/EdgeSec.png,SecurityCompliance/EdgeSec.png
china-zh-cn,人工智能,LLM大模型,多专家+大稀疏比的MOE新架构,https://www.huaweicloud.com/product/pangu/nlp.html,https://res-static.hc-cdn.cn/cloudbu-site/public/new-product-icon/AI/pangu.png,AI/pangu.png
china-zh-cn,人工智能,MaaS模型即服务,极致性能，易用好用的Tokens服务,https://www.huaweicloud.com/product/modelarts/studio.html,https://res-static.hc-cdn.cn/cloudbu-site/public/new-product-icon/AI/MaaS.png,AI/MaaS.png
china-zh-cn,人工智能,人脸识别服务 FRS,快速实现人脸的精确比对和检索,https://www.huaweicloud.com/product/face.html,https://res-static.hc-cdn.cn/cloudbu-site/public/new-product-icon/AI/FRS.png,AI/FRS.png
china-zh-cn,人工智能,人证核身服务 IVS,实现对身份真实性的精准核验,https://www.huaweicloud.com/product/ivs.html,https://res-static.hc-cdn.cn/cloudbu-site/public/new-product-icon/AI/ivs.png,AI/ivs.png
china-zh-cn,人工智能,八爪鱼自动驾驶云服务 Octopus,自动驾驶端到端开发工具链,https://www.huaweicloud.com/product/octopus.html,https://res-static.hc-cdn.cn/cloudbu-site/public/new-product-icon/AI/Octopus.png,AI/Octopus.png
china-zh-cn,人工智能,内容审核 Moderation,提供文本、图像、视频中的内容检测功能,https://www.huaweicloud.com/product/moderation.html,https://res-static.hc-cdn.cn/cloudbu-site/public/new-product-icon/AI/Moderation.png,AI/Moderation.png
china-zh-cn,人工智能,华为HiLens,端云协同AI应用开发平台,https://www.huaweicloud.com/product/hilens.html,https://res-static.hc-cdn.cn/cloudbu-site/public/new-product-icon/AI/hilens.png,AI/hilens.png
china-zh-cn,人工智能,图引擎服务 GES,针对图结构数据，进行查询分析,https://www.huaweicloud.com/product/ges.html,https://res-static.hc-cdn.cn/cloudbu-site/public/new-product-icon/AI/ges.png,AI/ges.png
china-zh-cn,人工智能,多模态大模型,图像理解 | 图像生成 | 视频生成,https://www.huaweicloud.com/product/pangu/multimodal.html,https://res-static.hc-cdn.cn/cloudbu-site/public/new-product-icon/AI/pangu.png,AI/pangu.png
china-zh-cn,人工智能,天筹求解器 OptVerse,更好的优化，更优的决策,https://www.huaweicloud.com/product/optverse.html,https://res-static.hc-cdn.cn/cloudbu-site/public/new-product-icon/AI/OptVerse.png,AI/OptVerse.png
china-zh-cn,人工智能,对话机器人服务 CBS,支持大模型的企业级对话机器人服务,https://www.huaweicloud.com/product/cbs.html,https://res-static.hc-cdn.cn/cloudbu-site/public/new-product-icon/AI/cbs.png,AI/cbs.png
china-zh-cn,人工智能,文字识别 OCR,将图片中文字信息识别成可编辑文本,https://www.huaweicloud.com/product/ocr.html,https://res-static.hc-cdn.cn/cloudbu-site/public/new-product-icon/AI/OCR.png,AI/OCR.png
china-zh-cn,人工智能,智能体平台 AgentArts,高效敏捷安全的一站式企业级智能体平台,https://www.huaweicloud.com/product/agentarts.html,https://res-static.hc-cdn.cn/cloudbu-site/public/new-product-icon/aPaaS/Versatile.svg,aPaaS/Versatile.svg
china-zh-cn,人工智能,气象大模型,降水量预测 | 风电预测 | 光伏预测…,https://www.huaweicloud.com/product/pangu/scientific-computing.html,https://res-static.hc-cdn.cn/cloudbu-site/public/new-product-icon/AI/pangu.png,AI/pangu.png
china-zh-cn,人工智能,视觉大模型,支持多行业图像数据合成,https://www.huaweicloud.com/product/pangu/cv.html,https://res-static.hc-cdn.cn/cloudbu-site/public/new-product-icon/AI/pangu.png,AI/pangu.png
china-zh-cn,人工智能,视频智能分析服务 VIAS,多项能力一体化平台服务,https://www.huaweicloud.com/product/vias.html,https://res-static.hc-cdn.cn/cloudbu-site/public/new-product-icon/AI/VIAS.png,AI/VIAS.png
china-zh-cn,人工智能,语音交互 SIS,精准快速语音识别，自然拟人语音合成,https://www.huaweicloud.com/product/sis.html,https://res-static.hc-cdn.cn/cloudbu-site/public/new-product-icon/AI/sis.png,AI/sis.png
china-zh-cn,人工智能,预测大模型,虚拟测量 | 预测性维护 | 工艺优化…,https://www.huaweicloud.com/product/pangu/predict.html,https://res-static.hc-cdn.cn/cloudbu-site/public/new-product-icon/AI/pangu.png,AI/pangu.png
china-zh-cn,人工智能,魔坊（ModelArts）模型训推平台,“数-训-推-强”，一站式AI开发平台,https://www.huaweicloud.com/product/modelarts.html,https://res-static.hc-cdn.cn/cloudbu-site/public/new-product-icon/AI/ModelArts.png,AI/ModelArts.png
china-zh-cn,企业应用,Flexus云会议,高性价比的云会议，高清、稳定、安全,https://www.huaweicloud.com/product/flexus-meeting.html,https://res-static.hc-cdn.cn/cloudbu-site/public/new-product-icon/Compute/FlexusMeeting.svg,Compute/FlexusMeeting.svg
china-zh-cn,企业应用,Flexus云桌面,按需弹性，更适合中小企业的云办公,https://www.huaweicloud.com/product/flexus-workspace.html,https://res-static.hc-cdn.cn/cloudbu-site/public/new-product-icon/Compute/FlexusWorkspace.svg,Compute/FlexusWorkspace.svg
china-zh-cn,企业应用,IoT行业生态工作台 IoTStage,物联网解决方案一站式交付服务,https://www.huaweicloud.com/product/iotstage.html,https://res-static.hc-cdn.cn/cloudbu-site/public/new-product-icon/InternetofThings/IoTStage.png,InternetofThings/IoTStage.png
china-zh-cn,企业应用,IoT边缘 IoTEdge,就近接入、数据预处理和边缘应用管理,https://www.huaweicloud.com/product/iotedge.html,https://res-static.hc-cdn.cn/cloudbu-site/public/new-product-icon/InternetofThings/IoTEdge.png,InternetofThings/IoTEdge.png
china-zh-cn,企业应用,ROMA资产中心 ROMAExchange,企业数字资产管理和运营的统一平台,https://www.huaweicloud.com/product/romaexchange.html,https://res-static.hc-cdn.cn/cloudbu-site/public/new-product-icon/BusinessApplications/ROMAExchange.png,BusinessApplications/ROMAExchange.png
china-zh-cn,企业应用,云地图服务 KooMap,使能数字孪生的云地图服务,https://www.huaweicloud.com/product/koomap.html,https://res-static.hc-cdn.cn/cloudbu-site/public/new-product-icon/aPaaS/KooMap.png,aPaaS/KooMap.png
china-zh-cn,企业应用,云客服 CEC,提供呼叫中心云服务，高效联络用户,https://www.huaweicloud.com/product/cec.html,https://res-static.hc-cdn.cn/cloudbu-site/public/new-product-icon/BusinessApplications/CEC.png,BusinessApplications/CEC.png
china-zh-cn,企业应用,云手机服务 KooPhone,优体验、高安全的政企云手机服务,https://www.huaweicloud.com/product/koophone.html,https://res-static.hc-cdn.cn/cloudbu-site/public/new-product-icon/aPaaS/KooPhone.png,aPaaS/KooPhone.png
china-zh-cn,企业应用,云桌面 Workspace,安全高效、即开即用的云上虚拟桌面服务,https://www.huaweicloud.com/product/workspace.html,https://res-static.hc-cdn.cn/cloudbu-site/public/new-product-icon/BusinessApplications/Workspace.png,BusinessApplications/Workspace.png
china-zh-cn,企业应用,云消息服务 KooMessage,全场景、全终端客户触达,https://www.huaweicloud.com/product/koomessage.html,https://res-static.hc-cdn.cn/cloudbu-site/public/new-product-icon/aPaaS/KooMessage.png,aPaaS/KooMessage.png
china-zh-cn,企业应用,云空间服务 KooDrive,数字内容中枢，内容协作更高效,https://www.huaweicloud.com/product/koodrive.html,https://res-static.hc-cdn.cn/cloudbu-site/public/new-product-icon/aPaaS/KooDrive.png,aPaaS/KooDrive.png
china-zh-cn,企业应用,华为云WeLink,安全、智能、数字化协同办公平台,https://www.huaweicloud.com/product/welink.html,https://res-static.hc-cdn.cn/cloudbu-site/public/new-product-icon/BusinessApplications/WeLink.png,BusinessApplications/WeLink.png
china-zh-cn,企业应用,华为云会议 Meeting,提供全场景端云协同视频会议解决方案,https://www.huaweicloud.com/product/meeting.html,https://res-static.hc-cdn.cn/cloudbu-site/public/new-product-icon/BusinessApplications/Meeting.png,BusinessApplications/Meeting.png
china-zh-cn,企业应用,域名注册服务 Domains,提供域名注册、续费、转入以及管理服务,https://www.huaweicloud.com/product/domain.html,https://res-static.hc-cdn.cn/cloudbu-site/public/new-product-icon/BusinessApplications/Domains.png,BusinessApplications/Domains.png
china-zh-cn,企业应用,工业数字模型驱动引擎 iDME,使能工业软件SaaS化数据模型驱动引擎,https://www.huaweicloud.com/product/idt.html,https://res-static.hc-cdn.cn/cloudbu-site/public/new-product-icon/Industrialsoftware/IDT.png,Industrialsoftware/IDT.png
china-zh-cn,企业应用,工业数据转换引擎云服务 iDEE,赋能异构工业软件高效数据转换,https://www.huaweicloud.com/product/idee.html,https://res-static.hc-cdn.cn/cloudbu-site/public/new-product-icon/Industrialsoftware/iDEE.png,Industrialsoftware/iDEE.png
china-zh-cn,企业应用,应用与数据集成平台 ROMAConnect,无缝联接应用、消息、数据、API、设备,https://www.huaweicloud.com/product/roma.html,https://res-static.hc-cdn.cn/cloudbu-site/public/new-product-icon/BusinessApplications/ROMAConnect.png,BusinessApplications/ROMAConnect.png
china-zh-cn,企业应用,应用平台 AppStage,应用全生命周期管理,https://www.huaweicloud.com/product/appstage.html,https://res-static.hc-cdn.cn/cloudbu-site/public/new-product-icon/aPaaS/AppStage.png,aPaaS/AppStage.png
china-zh-cn,企业应用,开天企业工作台 MSSE,企业一站式数字化工作台,https://www.huaweicloud.com/product/msse.html,https://res-static.hc-cdn.cn/cloudbu-site/public/new-product-icon/aPaaS/MSSE.png,aPaaS/MSSE.png
china-zh-cn,企业应用,开天集成工作台 MSSI,统一的行业资产智能协作平台,https://www.huaweicloud.com/product/mssi.html,https://res-static.hc-cdn.cn/cloudbu-site/public/new-product-icon/aPaaS/MSSI.png,aPaaS/MSSI.png
china-zh-cn,企业应用,政企自服务管理服务 ESM,提升HCSO客户自主运营管理能力,https://www.huaweicloud.com/product/esm.html,https://res-static.hc-cdn.cn/cloudbu-site/public/new-product-icon/BusinessApplications/esm.png,BusinessApplications/esm.png
china-zh-cn,企业应用,消息&短信 MSGSMS,携手全球运营商和渠道提供短信服务,https://www.huaweicloud.com/product/msgsms.html,https://res-static.hc-cdn.cn/cloudbu-site/public/new-product-icon/DeveloperServices/MSGSMS.png,DeveloperServices/MSGSMS.png
china-zh-cn,企业应用,硬件开发工具链平台云服务 CraftArts IPDCenter,使能打造硬件开发工具链,https://www.huaweicloud.com/product/ipdcenter.html,https://res-static.hc-cdn.cn/cloudbu-site/public/new-product-icon/Industrialsoftware/IPDCenter.png,Industrialsoftware/IPDCenter.png
china-zh-cn,企业应用,组织成员帐号 OrgID,为企业提供统一帐号、应用授权管理,https://www.huaweicloud.com/product/orgid.html,https://res-static.hc-cdn.cn/cloudbu-site/public/new-product-icon/aPaaS/OrgID.png,aPaaS/OrgID.png
china-zh-cn,企业应用,解决方案工作台 InnoStage Workbench,支持解决方案设计、验证、交付等,https://www.huaweicloud.com/product/innostageworkbench.html,https://res-static.hc-cdn.cn/cloudbu-site/public/new-product-icon/BusinessApplications/HaydnCSF.png,BusinessApplications/HaydnCSF.png
china-zh-cn,企业应用,设备接入 IoTDA,安全可靠接入海量设备,https://www.huaweicloud.com/product/iothub.html,https://res-static.hc-cdn.cn/cloudbu-site/public/new-product-icon/InternetofThings/IoTDA.png,InternetofThings/IoTDA.png
china-zh-cn,企业应用,语音通话 VoiceCall,携手全球运营商提供语音服务,https://www.huaweicloud.com/product/voice.html,https://res-static.hc-cdn.cn/cloudbu-site/public/new-product-icon/BusinessApplications/VoiceCall.png,BusinessApplications/VoiceCall.png
china-zh-cn,企业应用,隐私保护通话 PrivateNumber,不增加SIM卡，隐藏号码，保护个人隐私,https://www.huaweicloud.com/product/privatenumber.html,https://res-static.hc-cdn.cn/cloudbu-site/public/new-product-icon/BusinessApplications/PrivateNumber.png,BusinessApplications/PrivateNumber.png
china-zh-cn,华为混合云,华为混合云,本地部署，匹配政企的全栈云服务,https://www.huaweicloud.com/product/huaweicloudstack.html,https://res-static.hc-cdn.cn/cloudbu-site/public/new-product-icon/HuaweiCloudStack/huaweicloudstack.png,HuaweiCloudStack/huaweicloudstack.png
china-zh-cn,媒体服务,Flexus数字人,制作简单，高性价比的分身数字人,https://www.huaweicloud.com/product/flexus-metastudio.html,https://res-static.hc-cdn.cn/cloudbu-site/public/new-product-icon/Compute/FlexusMetastudio.svg,Compute/FlexusMetastudio.svg
china-zh-cn,媒体服务,媒体处理 MPC,经济、高效、弹性的音视频转码和处理,https://www.huaweicloud.com/product/mpc.html,https://res-static.hc-cdn.cn/cloudbu-site/public/new-product-icon/MediaServices/MPC.png,MediaServices/MPC.png
china-zh-cn,媒体服务,数字内容生产线 MetaStudio,提供一站式数字内容生产解决方案,https://www.huaweicloud.com/product/mdh.html,https://res-static.hc-cdn.cn/cloudbu-site/public/new-product-icon/MediaServices/MetaStudio.png,MediaServices/MetaStudio.png
china-zh-cn,媒体服务,行业视频管理服务 IVM,面向机器视觉设备提供统一的设备管理,https://www.huaweicloud.com/product/ivm.html,https://res-static.hc-cdn.cn/cloudbu-site/public/new-product-icon/SecurityCompliance/IVM.png,SecurityCompliance/IVM.png
china-zh-cn,媒体服务,视频点播 VOD,视频上传、处理、加速和播放,https://www.huaweicloud.com/product/vod.html,https://res-static.hc-cdn.cn/cloudbu-site/public/new-product-icon/MediaServices/VOD.png,MediaServices/VOD.png
china-zh-cn,媒体服务,视频直播 Live,端到端视频直播解决方案,https://www.huaweicloud.com/product/live.html,https://res-static.hc-cdn.cn/cloudbu-site/public/new-product-icon/MediaServices/Live.png,MediaServices/Live.png
china-zh-cn,存储,Flexus对象存储,成本最优，极致安全可靠的数据底座,https://www.huaweicloud.com/product/flexus-obs.html,https://res-static.hc-cdn.cn/cloudbu-site/public/new-product-icon/Storage/FlexusOBS.svg,Storage/FlexusOBS.svg
china-zh-cn,存储,专属分布式存储服务 DSS,提供独享的物理存储资源,https://www.huaweicloud.com/product/dss.html,https://res-static.hc-cdn.cn/cloudbu-site/public/new-product-icon/Storage/DSS.png,Storage/DSS.png
china-zh-cn,存储,业务恢复服务 BRS,为ECS提供跨可用区RPO=0的容灾保护,https://www.huaweicloud.com/product/sdrs.html,https://res-static.hc-cdn.cn/cloudbu-site/public/new-product-icon/Storage/SDRS.png,Storage/SDRS.png
china-zh-cn,存储,云备份 CBR,为云服务器、云硬盘等提供备份服务,https://www.huaweicloud.com/product/cbr.html,https://res-static.hc-cdn.cn/cloudbu-site/public/new-product-icon/Storage/CBR.png,Storage/CBR.png
china-zh-cn,存储,云存储网关 CSG,为企业应用提供标准的文件存储访问入口,https://www.huaweicloud.com/product/csg.html,https://res-static.hc-cdn.cn/cloudbu-site/public/new-product-icon/Storage/CSG.png,Storage/CSG.png
china-zh-cn,存储,云服务器备份 CSBS,为所有云硬盘创建一致性在线备份,https://www.huaweicloud.com/product/csbs.html,https://res-static.hc-cdn.cn/cloudbu-site/public/new-product-icon/Storage/CSBS.png,Storage/CSBS.png
china-zh-cn,存储,云硬盘 EVS,为计算服务提供持久性块存储的服务,https://www.huaweicloud.com/product/evs.html,https://res-static.hc-cdn.cn/cloudbu-site/public/new-product-icon/Storage/EVS.png,Storage/EVS.png
china-zh-cn,存储,对象存储服务 OBS,稳定、安全、高效、易用的云存储服务,https://www.huaweicloud.com/product/obs.html,https://res-static.hc-cdn.cn/cloudbu-site/public/new-product-icon/Storage/OBS.png,Storage/OBS.png
china-zh-cn,存储,弹性内存存储 EMS,高带宽、低时延的内存存储服务,https://www.huaweicloud.com/product/ems.html,https://res-static.hc-cdn.cn/cloudbu-site/public/new-product-icon/Storage/EMS.svg,Storage/EMS.svg
china-zh-cn,存储,弹性文件服务 SFS,为计算实例提供完全托管的NAS文件存储,https://www.huaweicloud.com/product/sfs.html,https://res-static.hc-cdn.cn/cloudbu-site/public/new-product-icon/Storage/SFS.png,Storage/SFS.png
china-zh-cn,存储,数据工坊 DWR,开放的近数据处理服务,https://www.huaweicloud.com/product/dwr.html,https://res-static.hc-cdn.cn/cloudbu-site/public/new-product-icon/Storage/DWR.png,Storage/DWR.png
china-zh-cn,存储,键值存储服务 KVS,Serverless KV存储服务,https://www.huaweicloud.com/product/kvs.html,https://res-static.hc-cdn.cn/cloudbu-site/public/new-product-icon/Storage/KVS.png,Storage/KVS.png
china-zh-cn,存储,高性能弹性文件服务 SFS Turbo,高带宽、低时延的全托管文件服务,https://www.huaweicloud.com/product/sfsturbo.html,https://res-static.hc-cdn.cn/cloudbu-site/public/new-product-icon/Storage/SFSTurbo.png,Storage/SFSTurbo.png
china-zh-cn,容器与中间件,API网关 APIG,构建、管理和部署任意规模的API服务,https://www.huaweicloud.com/product/apig.html,https://res-static.hc-cdn.cn/cloudbu-site/public/new-product-icon/Middleware/APIG.png,Middleware/APIG.png
china-zh-cn,容器与中间件,Flexus云容器实例,开箱即用的轻量级容器产品,https://www.huaweicloud.com/product/flexus-cci.html,https://res-static.hc-cdn.cn/cloudbu-site/public/new-product-icon/Compute/FCCI.png,Compute/FCCI.png
china-zh-cn,容器与中间件,事件网格 EG,兼容CloudEvents的事件驱动架构服务,https://www.huaweicloud.com/product/eventgrid.html,https://res-static.hc-cdn.cn/cloudbu-site/public/new-product-icon/Middleware/EG.png,Middleware/EG.png
china-zh-cn,容器与中间件,云容器实例 CCI,提供敏捷安全的Serverless容器服务,https://www.huaweicloud.com/product/cci.html,https://res-static.hc-cdn.cn/cloudbu-site/public/new-product-icon/Containers/CCI.png,Containers/CCI.png
china-zh-cn,容器与中间件,云容器引擎 CCE,提供高可靠的企业级容器应用管理服务,https://www.huaweicloud.com/product/cce.html,https://res-static.hc-cdn.cn/cloudbu-site/public/new-product-icon/Containers/CCE.png,Containers/CCE.png
china-zh-cn,容器与中间件,分布式消息服务 DMS,完全托管的高性能消息队列服务,https://www.huaweicloud.com/product/dms.html,https://res-static.hc-cdn.cn/cloudbu-site/public/new-product-icon/Middleware/DMS.png,Middleware/DMS.png
china-zh-cn,容器与中间件,分布式消息服务Kafka版,高吞吐、高可用的消息中间件服务,https://www.huaweicloud.com/product/dmskafka.html,https://res-static.hc-cdn.cn/cloudbu-site/public/new-product-icon/Middleware/Kafka.png,Middleware/Kafka.png
china-zh-cn,容器与中间件,分布式消息服务RabbitMQ版,支持AMQP协议，兼容RabbitMQ生态,https://www.huaweicloud.com/product/rabbitmq.html,https://res-static.hc-cdn.cn/cloudbu-site/public/new-product-icon/Middleware/RabbitMQ.png,Middleware/RabbitMQ.png
china-zh-cn,容器与中间件,分布式消息服务RocketMQ版,低延迟、高可靠，兼容开源RocketMQ,https://www.huaweicloud.com/product/dms-hrm.html,https://res-static.hc-cdn.cn/cloudbu-site/public/new-product-icon/Middleware/ROCKETMQ.png,Middleware/ROCKETMQ.png
china-zh-cn,容器与中间件,分布式缓存服务Memcached版,一个高性能、分布式的缓存系统,https://www.huaweicloud.com/product/dcsmem.html,https://res-static.hc-cdn.cn/cloudbu-site/public/new-product-icon/Middleware/Memcached.png,Middleware/Memcached.png
china-zh-cn,容器与中间件,华为云UCS,提供无处不在的云原生服务,https://www.huaweicloud.com/product/ucs.html,https://res-static.hc-cdn.cn/cloudbu-site/public/new-product-icon/Containers/UCS.png,Containers/UCS.png
china-zh-cn,容器与中间件,多活高可用服务 MAS,提供端到端业务故障切换及容灾演练能力,https://www.huaweicloud.com/product/mas.html,https://res-static.hc-cdn.cn/cloudbu-site/public/new-product-icon/Middleware/MAS.png,Middleware/MAS.png
china-zh-cn,容器与中间件,容器镜像服务 SWR,一种支持容器镜像全生命周期管理的服务,https://www.huaweicloud.com/product/swr.html,https://res-static.hc-cdn.cn/cloudbu-site/public/new-product-icon/Containers/SWR.png,Containers/SWR.png
china-zh-cn,容器与中间件,微服务引擎 CSE,微服务快速注册发现、配置管理及治理,https://www.huaweicloud.com/product/cse.html,https://res-static.hc-cdn.cn/cloudbu-site/public/new-product-icon/Middleware/CSE.png,Middleware/CSE.png
china-zh-cn,容器与中间件,智能边缘平台 IEF,边云协同操作系统，提供边缘应用托管,https://www.huaweicloud.com/product/ief.html,https://res-static.hc-cdn.cn/cloudbu-site/public/new-product-icon/Containers/IEF.png,Containers/IEF.png
china-zh-cn,开发工具,CodeArts IDE,智能化集成开发环境,https://www.huaweicloud.com/product/codeartside.html,https://res-static.hc-cdn.cn/cloudbu-site/public/new-product-icon/DeveloperServices/CodeArtsIDE.png,DeveloperServices/CodeArtsIDE.png
china-zh-cn,开发工具,CodeArts IDE Online,面向云原生的轻量级WebIDE,https://www.huaweicloud.com/product/cloudide.html,https://res-static.hc-cdn.cn/cloudbu-site/public/new-product-icon/DeveloperServices/CodeArtsIDEOnline.png,DeveloperServices/CodeArtsIDEOnline.png
china-zh-cn,开发工具,云应用引擎 CAE,面向应用的Serverless极简托管引擎,https://www.huaweicloud.com/product/cae.html,https://res-static.hc-cdn.cn/cloudbu-site/public/new-product-icon/DeveloperServices/CAE.png,DeveloperServices/CAE.png
china-zh-cn,开发工具,代码托管 CodeArts Repo,提供基于Git的在线代码托管服务,https://www.huaweicloud.com/product/codehub.html,https://res-static.hc-cdn.cn/cloudbu-site/public/new-product-icon/DeveloperServices/CodeArtsRepo.png,DeveloperServices/CodeArtsRepo.png
china-zh-cn,开发工具,代码检查 CodeArts Check,基于云端实现代码质量管理的服务,https://www.huaweicloud.com/product/codecheck.html,https://res-static.hc-cdn.cn/cloudbu-site/public/new-product-icon/DeveloperServices/CodeArtsCheck.png,DeveloperServices/CodeArtsCheck.png
china-zh-cn,开发工具,制品仓库 CodeArts Artifact,提供多类型、安全可靠的软件制品仓库,https://www.huaweicloud.com/product/codeartsartifact.html,https://res-static.hc-cdn.cn/cloudbu-site/public/new-product-icon/DeveloperServices/CodeArtsArtifact.png,DeveloperServices/CodeArtsArtifact.png
china-zh-cn,开发工具,华为云Astro企业应用,快速构建企业核心业务应用,https://www.huaweicloud.com/product/astropro.html,https://res-static.hc-cdn.cn/cloudbu-site/public/new-product-icon/DeveloperServices/AstroPro.png,DeveloperServices/AstroPro.png
china-zh-cn,开发工具,华为云Astro工作流,一站式自动化工作流应用构建工具,https://www.huaweicloud.com/product/astroflow.html,https://res-static.hc-cdn.cn/cloudbu-site/public/new-product-icon/DeveloperServices/Flow.png,DeveloperServices/Flow.png
china-zh-cn,开发工具,华为云Astro轻应用,快速搭建低代码轻应用,https://www.huaweicloud.com/product/appcube.html,https://res-static.hc-cdn.cn/cloudbu-site/public/new-product-icon/DeveloperServices/AstroZero.png,DeveloperServices/AstroZero.png
china-zh-cn,开发工具,华为开源镜像站 Mirrors,开源组件、操作系统及DevOps工具,https://www.huaweicloud.com/product/mirrors.html,https://res-static.hc-cdn.cn/cloudbu-site/public/new-product-icon/DeveloperServices/Mirrors.png,DeveloperServices/Mirrors.png
china-zh-cn,开发工具,应用管理与运维平台 ServiceStage,面向企业的一站式PaaS平台服务,https://www.huaweicloud.com/product/servicestage.html,https://res-static.hc-cdn.cn/cloudbu-site/public/new-product-icon/DeveloperServices/ServiceStage.png,DeveloperServices/ServiceStage.png
china-zh-cn,开发工具,开源治理服务 CodeArts Governance,识别开源软件风险，高效安全的使用开源,https://www.huaweicloud.com/product/devsecurity.html,https://res-static.hc-cdn.cn/cloudbu-site/public/new-product-icon/DeveloperServices/DevSecurity.png,DeveloperServices/DevSecurity.png
china-zh-cn,开发工具,性能测试 CodeArts PerfTest,为应用的接口和全链路提供性能测试服务,https://www.huaweicloud.com/product/cpts.html,https://res-static.hc-cdn.cn/cloudbu-site/public/new-product-icon/DeveloperServices/CodeArtsPerfTest.png,DeveloperServices/CodeArtsPerfTest.png
china-zh-cn,开发工具,流水线 CodeArts Pipeline,可视化、可定制的持续交付发布软件,https://www.huaweicloud.com/product/cloudpipeline.html,https://res-static.hc-cdn.cn/cloudbu-site/public/new-product-icon/DeveloperServices/CodeArtsPipeline.png,DeveloperServices/CodeArtsPipeline.png
china-zh-cn,开发工具,测试计划 CodeArts TestPlan,面向开发者提供的一站式测试管理平台,https://www.huaweicloud.com/product/cloudtest.html,https://res-static.hc-cdn.cn/cloudbu-site/public/new-product-icon/DeveloperServices/CodeArtsTestPlan.png,DeveloperServices/CodeArtsTestPlan.png
china-zh-cn,开发工具,漏洞管理服务 CodeArts Inspector,满足合规要求，让安全弱点无所遁形,https://www.huaweicloud.com/product/vss.html,https://res-static.hc-cdn.cn/cloudbu-site/public/new-product-icon/SecurityCompliance/VSS.png,SecurityCompliance/VSS.png
china-zh-cn,开发工具,移动应用测试 MobileAPPTest,提供移动兼容性测试服务,https://www.huaweicloud.com/product/mobileapptest.html,https://res-static.hc-cdn.cn/cloudbu-site/public/new-product-icon/DeveloperServices/MobileAPPTest.png,DeveloperServices/MobileAPPTest.png
china-zh-cn,开发工具,编译构建 CodeArts Build,提供开箱即用、快速的构建能力,https://www.huaweicloud.com/product/cloudbuild.html,https://res-static.hc-cdn.cn/cloudbu-site/public/new-product-icon/DeveloperServices/CodeArtsBuild.png,DeveloperServices/CodeArtsBuild.png
china-zh-cn,开发工具,软件开发生产线 CodeArts,内置华为实践的一站式软件开发平台,https://www.huaweicloud.com/devcloud/,https://res-static.hc-cdn.cn/cloudbu-site/public/new-product-icon/DeveloperServices/CodeArts.png,DeveloperServices/CodeArts.png
china-zh-cn,开发工具,部署 CodeArts Deploy,提供可视化、一键式部署服务,https://www.huaweicloud.com/product/clouddeploy.html,https://res-static.hc-cdn.cn/cloudbu-site/public/new-product-icon/DeveloperServices/CodeArtsDeploy.png,DeveloperServices/CodeArtsDeploy.png
china-zh-cn,开发工具,需求管理 CodeArts Req,为研发团队提供高效需求管理服务,https://www.huaweicloud.com/product/projectman.html,https://res-static.hc-cdn.cn/cloudbu-site/public/new-product-icon/DeveloperServices/CodeArtsReq.png,DeveloperServices/CodeArtsReq.png
china-zh-cn,精选推荐,Flexus应用服务器L实例,即开即用的轻量型云服务器,https://www.huaweicloud.com/product/flexus-l.html,https://res-static.hc-cdn.cn/cloudbu-site/public/new-product-icon/Compute/FECSL.png,Compute/FECSL.png
china-zh-cn,精选推荐,MaaS模型即服务,极致性能，易用好用的Tokens服务,https://www.huaweicloud.com/product/modelarts/studio.html,https://res-static.hc-cdn.cn/cloudbu-site/public/new-product-icon/AI/MaaS.png,AI/MaaS.png
china-zh-cn,精选推荐,云数据库 RDS for MySQL,稳定可靠，智能运维，完全兼容MySQL,https://www.huaweicloud.com/product/mysql.html,https://res-static.hc-cdn.cn/cloudbu-site/public/new-product-icon/Databases/RDSforMySQL.png,Databases/RDSforMySQL.png
china-zh-cn,精选推荐,对象存储服务 OBS,稳定、安全、高效、易用的云存储服务,https://www.huaweicloud.com/product/obs.html,https://res-static.hc-cdn.cn/cloudbu-site/public/new-product-icon/Storage/OBS.png,Storage/OBS.png
china-zh-cn,精选推荐,弹性云服务器 ECS,可随时自动获取、弹性伸缩的云服务器,https://www.huaweicloud.com/product/ecs.html,https://res-static.hc-cdn.cn/cloudbu-site/public/new-product-icon/Compute/ECS.png,Compute/ECS.png
china-zh-cn,精选推荐,智能体平台 AgentArts,一站式企业级智能体开发平台,https://www.huaweicloud.com/product/agentarts.html,https://res-static.hc-cdn.cn/cloudbu-site/public/new-product-icon/aPaaS/Versatile.svg,aPaaS/Versatile.svg
china-zh-cn,精选推荐,虚拟私有云 VPC,隔离的、私密的虚拟网络环境,https://www.huaweicloud.com/product/vpc.html,https://res-static.hc-cdn.cn/cloudbu-site/public/new-product-icon/Networking/VPC.png,Networking/VPC.png
china-zh-cn,精选推荐,魔坊（ModelArts）模型训推平台,面向AI开发者的一站式开发平台,https://www.huaweicloud.com/product/modelarts.html,https://res-static.hc-cdn.cn/cloudbu-site/public/new-product-icon/AI/ModelArts.png,AI/ModelArts.png
china-zh-cn,网络,NAT网关 NAT,提供网络地址转换服务,https://www.huaweicloud.com/product/nat.html,https://res-static.hc-cdn.cn/cloudbu-site/public/new-product-icon/Networking/NAT.png,Networking/NAT.png
china-zh-cn,网络,VPC终端节点 VPCEP,提供VPC之间的私密连接通道,https://www.huaweicloud.com/product/vpcep.html,https://res-static.hc-cdn.cn/cloudbu-site/public/new-product-icon/Networking/VPCEP.png,Networking/VPCEP.png
china-zh-cn,网络,云专线 DC,搭建本地数据中心与VPC间的专属连接通道,https://www.huaweicloud.com/product/dc.html,https://res-static.hc-cdn.cn/cloudbu-site/public/new-product-icon/Networking/DC.png,Networking/DC.png
china-zh-cn,网络,云解析服务 DNS,提供高可用，高扩展的DNS和管理服务,https://www.huaweicloud.com/product/dns.html,https://res-static.hc-cdn.cn/cloudbu-site/public/new-product-icon/BusinessApplications/DNS.png,BusinessApplications/DNS.png
china-zh-cn,网络,云连接 CC,支持多Region VPC互通的混合云组网,https://www.huaweicloud.com/product/cc.html,https://res-static.hc-cdn.cn/cloudbu-site/public/new-product-icon/Networking/CC.png,Networking/CC.png
china-zh-cn,网络,企业交换机 ESW,云上与云下的大二层连接通道,https://www.huaweicloud.com/product/esw.html,https://res-static.hc-cdn.cn/cloudbu-site/public/new-product-icon/Networking/ESW.png,Networking/ESW.png
china-zh-cn,网络,企业路由器 ER,提供高可靠的集中路由管理能力,https://www.huaweicloud.com/product/er.html,https://res-static.hc-cdn.cn/cloudbu-site/public/new-product-icon/Networking/ER.png,Networking/ER.png
china-zh-cn,网络,全球加速 GA,提供SLA稳定的加速传输,https://www.huaweicloud.com/product/ga.html,https://res-static.hc-cdn.cn/cloudbu-site/public/new-product-icon/Networking/GA.png,Networking/GA.png
china-zh-cn,网络,弹性公网IP EIP,提供独立的公网IP资源服务,https://www.huaweicloud.com/product/eip.html,https://res-static.hc-cdn.cn/cloudbu-site/public/new-product-icon/Networking/EIP.png,Networking/EIP.png
china-zh-cn,网络,弹性负载均衡 ELB,将流量自动分发到多台云服务器,https://www.huaweicloud.com/product/elb.html,https://res-static.hc-cdn.cn/cloudbu-site/public/new-product-icon/Networking/ELB.png,Networking/ELB.png
china-zh-cn,网络,虚拟专用网络 VPN,数据中心与华为云的IPsec加密连接通道,https://www.huaweicloud.com/product/vpn.html,https://res-static.hc-cdn.cn/cloudbu-site/public/new-product-icon/Networking/VPN.png,Networking/VPN.png
china-zh-cn,网络,虚拟私有云 VPC,隔离的、私密的虚拟网络环境,https://www.huaweicloud.com/product/vpc.html,https://res-static.hc-cdn.cn/cloudbu-site/public/new-product-icon/Networking/VPC.png,Networking/VPC.png
china-zh-cn,计算,FPGA加速云服务器 FACS,提供FPGA计算资源的弹性云服务器,https://www.huaweicloud.com/product/facs.html,https://res-static.hc-cdn.cn/cloudbu-site/public/new-product-icon/Compute/FACS.png,Compute/FACS.png
china-zh-cn,计算,Flexus云服务,新一代性能倍增、体验跃级的云服务系列,https://www.huaweicloud.com/product/flexus.html,https://res-static.hc-cdn.cn/cloudbu-site/public/new-product-icon/Compute/Flexus.png,Compute/Flexus.png
china-zh-cn,计算,Flexus云服务器X实例,柔性算力，六倍性能，旗舰体验,https://www.huaweicloud.com/product/flexus-x.html,https://res-static.hc-cdn.cn/cloudbu-site/public/new-product-icon/Compute/FECSX.png,Compute/FECSX.png
china-zh-cn,计算,Flexus应用服务器L实例,即开即用的轻量型云服务器,https://www.huaweicloud.com/product/flexus-l.html,https://res-static.hc-cdn.cn/cloudbu-site/public/new-product-icon/Compute/FECSL.png,Compute/FECSL.png
china-zh-cn,计算,GPU加速云服务器 GACS,提供GPU计算资源的弹性云服务器,https://www.huaweicloud.com/product/gpu.html,https://res-static.hc-cdn.cn/cloudbu-site/public/new-product-icon/Compute/GACS.png,Compute/GACS.png
china-zh-cn,计算,Huawei Cloud EulerOS,充分发挥华为云优势的操作系统,https://www.huaweicloud.com/product/hce.html,https://res-static.hc-cdn.cn/cloudbu-site/public/new-product-icon/Compute/HuaweiCloudEulerOS.png,Compute/HuaweiCloudEulerOS.png
china-zh-cn,计算,专属主机 DeH,专属物理主机创建的云服务器,https://www.huaweicloud.com/product/deh.html,https://res-static.hc-cdn.cn/cloudbu-site/public/new-product-icon/Compute/DeH.png,Compute/DeH.png
china-zh-cn,计算,云化数据中心 CloudDC,助力自持资产客户快速云化转型,https://www.huaweicloud.com/product/clouddc.html,https://res-static.hc-cdn.cn/cloudbu-site/public/new-product-icon/Compute/CloudDC.svg,Compute/CloudDC.svg
china-zh-cn,计算,云手机服务器 CPH,具有虚拟手机功能的云服务器,https://www.huaweicloud.com/product/cloudphone.html,https://res-static.hc-cdn.cn/cloudbu-site/public/new-product-icon/Compute/CPH.png,Compute/CPH.png
china-zh-cn,计算,函数工作流 FunctionGraph,自动运行代码，无需配置或管理服务器,https://www.huaweicloud.com/product/functiongraph.html,https://res-static.hc-cdn.cn/cloudbu-site/public/new-product-icon/Compute/FunctionGraph.png,Compute/FunctionGraph.png
china-zh-cn,计算,弹性云服务器 ECS,可随时自动获取、弹性伸缩的云服务器,https://www.huaweicloud.com/product/ecs.html,https://res-static.hc-cdn.cn/cloudbu-site/public/new-product-icon/Compute/ECS.png,Compute/ECS.png
china-zh-cn,计算,弹性伸缩 AS,根据预设策略自动调整计算资源的服务,https://www.huaweicloud.com/product/as.html,https://res-static.hc-cdn.cn/cloudbu-site/public/new-product-icon/Compute/AS.png,Compute/AS.png
china-zh-cn,计算,裸金属服务器 BMS,高性能、高安全的云上物理服务器,https://www.huaweicloud.com/product/bms.html,https://res-static.hc-cdn.cn/cloudbu-site/public/new-product-icon/Compute/BMS.png,Compute/BMS.png
china-zh-cn,计算,镜像服务 IMS,提供完善的镜像管理能力,https://www.huaweicloud.com/product/ims.html,https://res-static.hc-cdn.cn/cloudbu-site/public/new-product-icon/Compute/IMS.png,Compute/IMS.png
china-zh-cn,运维管理与迁移,主机迁移服务 SMS,把数据中心或其他云上主机迁移到华为云,https://www.huaweicloud.com/product/sms.html,https://res-static.hc-cdn.cn/cloudbu-site/public/new-product-icon/Migration/SMS.png,Migration/SMS.png
china-zh-cn,运维管理与迁移,云审计服务 CTS,为您提供云账户下资源的操作记录,https://www.huaweicloud.com/product/cts.html,https://res-static.hc-cdn.cn/cloudbu-site/public/new-product-icon/ManagementGovernance/CTS.png,ManagementGovernance/CTS.png
china-zh-cn,运维管理与迁移,云日志服务 LTS,提供日志收集、实时查询、存储等功能,https://www.huaweicloud.com/product/lts.html,https://res-static.hc-cdn.cn/cloudbu-site/public/new-product-icon/ManagementGovernance/LTS.png,ManagementGovernance/LTS.png
china-zh-cn,运维管理与迁移,云监控服务 CES,提供云上及本地资源的立体化监控平台,https://www.huaweicloud.com/product/ces.html,https://res-static.hc-cdn.cn/cloudbu-site/public/new-product-icon/ManagementGovernance/CES.png,ManagementGovernance/CES.png
china-zh-cn,运维管理与迁移,云运维中心 COC,提供安全、高效的一站式智能运维平台,https://www.huaweicloud.com/product/coc.html,https://res-static.hc-cdn.cn/cloudbu-site/public/new-product-icon/ManagementGovernance/COC.png,ManagementGovernance/COC.png
china-zh-cn,运维管理与迁移,优化顾问 OA,一键识别云资源潜在风险并给出优化建议,https://www.huaweicloud.com/product/oa.html,https://res-static.hc-cdn.cn/cloudbu-site/public/new-product-icon/ManagementGovernance/OA.png,ManagementGovernance/OA.png
china-zh-cn,运维管理与迁移,对象存储迁移服务 OMS,公有云对象存储数据迁移服务,https://www.huaweicloud.com/product/oms.html,https://res-static.hc-cdn.cn/cloudbu-site/public/new-product-icon/Migration/OMS.png,Migration/OMS.png
china-zh-cn,运维管理与迁移,应用性能管理 APM,实时监控并管理企业应用性能和故障,https://www.huaweicloud.com/product/apm.html,https://res-static.hc-cdn.cn/cloudbu-site/public/new-product-icon/ManagementGovernance/APM.png,ManagementGovernance/APM.png
china-zh-cn,运维管理与迁移,应用身份管理服务 OneAccess,具备集中式的身份管理、认证和授权能力,https://www.huaweicloud.com/product/oneaccess.html,https://res-static.hc-cdn.cn/cloudbu-site/public/new-product-icon/ManagementGovernance/OneAccess.png,ManagementGovernance/OneAccess.png
china-zh-cn,运维管理与迁移,应用运维管理 AOM,提供立体运维平台，实时监控应用,https://www.huaweicloud.com/product/aom.html,https://res-static.hc-cdn.cn/cloudbu-site/public/new-product-icon/ManagementGovernance/AOM.png,ManagementGovernance/AOM.png
china-zh-cn,运维管理与迁移,消息通知服务 SMN,依据用户的需求主动推送通知消息,https://www.huaweicloud.com/product/smn.html,https://res-static.hc-cdn.cn/cloudbu-site/public/new-product-icon/ManagementGovernance/SMN.png,ManagementGovernance/SMN.png
china-zh-cn,运维管理与迁移,组织 Organizations,提供多账号关系的管理能力,https://www.huaweicloud.com/product/organizations.html,https://res-static.hc-cdn.cn/cloudbu-site/public/new-product-icon/ManagementGovernance/Organizations.png,ManagementGovernance/Organizations.png
china-zh-cn,运维管理与迁移,统一身份认证服务 IAM,提供身份认证和权限管理功能,https://www.huaweicloud.com/product/iam.html,https://res-static.hc-cdn.cn/cloudbu-site/public/new-product-icon/ManagementGovernance/IAM.png,ManagementGovernance/IAM.png
china-zh-cn,运维管理与迁移,资源治理中心 RGC,搭建并治理安全可扩展的多账号环境,https://www.huaweicloud.com/product/rgc.html,https://res-static.hc-cdn.cn/cloudbu-site/public/new-product-icon/ManagementGovernance/RGC.png,ManagementGovernance/RGC.png
china-zh-cn,运维管理与迁移,资源编排服务 RFS,批量自动化创建云服务资源,https://www.huaweicloud.com/product/aos.html,https://res-static.hc-cdn.cn/cloudbu-site/public/new-product-icon/ManagementGovernance/RFS.png,ManagementGovernance/RFS.png
china-zh-cn,运维管理与迁移,资源访问管理 RAM,提供安全的跨账号共享资源的能力,https://www.huaweicloud.com/product/ram.html,https://res-static.hc-cdn.cn/cloudbu-site/public/new-product-icon/ManagementGovernance/RAM.png,ManagementGovernance/RAM.png
china-zh-cn,运维管理与迁移,迁移中心 MgC,一站式迁移和现代化平台,https://www.huaweicloud.com/product/mgc.html,https://res-static.hc-cdn.cn/cloudbu-site/public/new-product-icon/Migration/MGC.png,Migration/MGC.png
china-zh-cn,运维管理与迁移,配置审计 Config,提供全局资源配置管理，配置检测能力,https://www.huaweicloud.com/product/rms.html,https://res-static.hc-cdn.cn/cloudbu-site/public/new-product-icon/ManagementGovernance/RMS.png,ManagementGovernance/RMS.png
intl-en-us,AI,Content Moderation,"Detect inappropriate content in images, text, and videos",https://www.huaweicloud.com/intl/en-us/product/moderation.html,https://res-static.hc-cdn.cn/cloudbu-site/public/new-product-icon/AI/Moderation.png,AI/Moderation.png
intl-en-us,AI,EIHealth,"Use AI to facilitate genomics, drug discovery, and medical imaging",https://www.huaweicloud.com/intl/en-us/product/eihealth.html,https://res-static.hc-cdn.cn/cloudbu-site/public/new-product-icon/AI/eihealth.png,AI/eihealth.png
intl-en-us,AI,Graph Engine Service (GES),Query and analyze graph-structure data based on relationships,https://www.huaweicloud.com/intl/en-us/product/ges.html,https://res-static.hc-cdn.cn/cloudbu-site/public/new-product-icon/AI/ges.png,AI/ges.png
intl-en-us,AI,Huawei HiLens (HiLens),Use this platform for multimodal AI development,https://www.huaweicloud.com/intl/en-us/product/hilens.html,https://res-static.hc-cdn.cn/cloudbu-site/public/new-product-icon/AI/hilens.png,AI/hilens.png
intl-en-us,AI,Image Recognition,Identify visual content in images,https://www.huaweicloud.com/intl/en-us/product/image.html,https://res-static.hc-cdn.cn/cloudbu-site/public/new-product-icon/AI/Image.png,AI/Image.png
intl-en-us,AI,Intelligent Video Analysis Service,"VIAS is a comprehensive solution for AI-driven video analytics, event detection",https://www.huaweicloud.com/intl/en-us/product/vias.html,https://res-static.hc-cdn.cn/cloudbu-site/public/new-product-icon/AI/VIAS.png,AI/VIAS.png
intl-en-us,AI,MaaS,"Ultimate Performance, Intuitive Tokens Service",https://www.huaweicloud.com/intl/en-us/product/maas.html,https://res-static.hc-cdn.cn/cloudbu-site/public/new-product-icon/AI/MaaS.png,AI/MaaS.png
intl-en-us,AI,ModelArts,"Build, train, and deploy machine learning models quickly and easily",https://www.huaweicloud.com/intl/en-us/product/modelarts.html,https://res-static.hc-cdn.cn/cloudbu-site/public/new-product-icon/AI/ModelArts.png,AI/ModelArts.png
intl-en-us,AI,Optical Character Recognition (OCR),Detect and extract text from any image and convert the text into JSON format,https://www.huaweicloud.com/intl/en-us/product/ocr.html,https://res-static.hc-cdn.cn/cloudbu-site/public/new-product-icon/AI/OCR.png,AI/OCR.png
intl-en-us,AI,PanguLargeModels,Reshape your industry with large AI models,https://www.huaweicloud.com/intl/en-us/product/pangu.html,https://res-static.hc-cdn.cn/cloudbu-site/public/new-product-icon/AI/pangu.png,AI/pangu.png
intl-en-us,AI,Question Answering Bot (QABot),Build and manage intelligent Q&A bots,https://www.huaweicloud.com/intl/en-us/product/cbsqa.html,https://res-static.hc-cdn.cn/cloudbu-site/public/new-product-icon/AI/cbsqa.png,AI/cbsqa.png
intl-en-us,AI,Short Sentence Recognition,Convert short audio files (up to a minute long) into text,https://www.huaweicloud.com/intl/en-us/product/asr.html,https://res-static.hc-cdn.cn/cloudbu-site/public/new-product-icon/AI/asr.png,AI/asr.png
intl-en-us,Analytics,Cloud Search Service (CSS),Query accurately by multiple conditions,https://www.huaweicloud.com/intl/en-us/product/css.html,https://res-static.hc-cdn.cn/cloudbu-site/public/new-product-icon/Analytics/CSS.png,Analytics/CSS.png
intl-en-us,Analytics,Cloud Stream Service (CS),Process streaming data in real time,https://www.huaweicloud.com/intl/en-us/product/cs.html,https://res-static.hc-cdn.cn/cloudbu-site/public/new-product-icon/Analytics/CS.png,Analytics/CS.png
intl-en-us,Analytics,Data Ingestion Service (DIS),"Ingest, process, and dump data in real time",https://www.huaweicloud.com/intl/en-us/product/dis.html,https://res-static.hc-cdn.cn/cloudbu-site/public/new-product-icon/Analytics/DIS.png,Analytics/DIS.png
intl-en-us,Analytics,Data Lake Insight (DLI),Analyze and process streaming and batch data,https://www.huaweicloud.com/intl/en-us/product/dli.html,https://res-static.hc-cdn.cn/cloudbu-site/public/new-product-icon/Analytics/DLI.png,Analytics/DLI.png
intl-en-us,Analytics,Data Lake Visualization (DLV),Create dashboards to track and display complex data in real time,https://www.huaweicloud.com/intl/en-us/product/dlv.html,https://res-static.hc-cdn.cn/cloudbu-site/public/new-product-icon/Analytics/DLV.png,Analytics/DLV.png
intl-en-us,Analytics,Data Warehouse Service (DWS),"Give your warehouse market-leading performance, superlative stability, and on-demand scaling",https://www.huaweicloud.com/intl/en-us/product/dws.html,https://res-static.hc-cdn.cn/cloudbu-site/public/new-product-icon/Analytics/DWS.png,Analytics/DWS.png
intl-en-us,Analytics,DataArts Fabric,"A comprehensive, one-stop platform for data and AI development",https://www.huaweicloud.com/intl/en-us/product/dataartsfabric.html,https://res-static.hc-cdn.cn/cloudbu-site/public/new-product-icon/Analytics/DataArtsFabric.png,Analytics/DataArtsFabric.png
intl-en-us,Analytics,DataArts Studio,Manage your data development and governance in one place,https://www.huaweicloud.com/intl/en-us/product/dayu.html,https://res-static.hc-cdn.cn/cloudbu-site/public/new-product-icon/Analytics/DataArts.png,Analytics/DataArts.png
intl-en-us,Analytics,MapReduce Service (MRS),Run open source analytics workloads on high-availability big data clusters,https://www.huaweicloud.com/intl/en-us/product/mrs.html,https://res-static.hc-cdn.cn/cloudbu-site/public/new-product-icon/Analytics/MapReduce.png,Analytics/MapReduce.png
intl-en-us,Blockchain,Blockchain Service (BCS),"Build powerful, secure blockchains",https://www.huaweicloud.com/intl/en-us/product/bcs.html,https://res-static.hc-cdn.cn/cloudbu-site/public/new-product-icon/Blockchain/BCS.png,Blockchain/BCS.png
intl-en-us,Business Applications,Customer Engagement Center (CEC),A multi-channel contact center,https://www.huaweicloud.com/intl/en-us/product/cec.html,https://res-static.hc-cdn.cn/cloudbu-site/public/new-product-icon/BusinessApplications/CEC.png,BusinessApplications/CEC.png
intl-en-us,Business Applications,Edge Data Center Management,Remote cloud management for data center facilities,https://www.huaweicloud.com/intl/en-us/product/edcm.html,https://res-static.hc-cdn.cn/cloudbu-site/public/new-product-icon/BusinessApplications/EDCM.png,BusinessApplications/EDCM.png
intl-en-us,Business Applications,HUAWEI CLOUD WeLink,Digital collaborative office platform,https://www.huaweicloud.com/intl/en-us/product/welink.html,https://res-static.hc-cdn.cn/cloudbu-site/public/new-product-icon/BusinessApplications/WeLink.png,BusinessApplications/WeLink.png
intl-en-us,Business Applications,Huawei Cloud Meeting,Enjoy ultra-HD videoconferencing that is both reliable and secure,https://www.huaweicloud.com/intl/en-us/product/meeting.html,https://res-static.hc-cdn.cn/cloudbu-site/public/new-product-icon/BusinessApplications/Meeting.png,BusinessApplications/Meeting.png
intl-en-us,Business Applications,Message & SMS,SMS solutions from multiple carriers and channels,https://www.huaweicloud.com/intl/en-us/product/msgsms.html,https://res-static.hc-cdn.cn/cloudbu-site/public/new-product-icon/DeveloperServices/MSGSMS.png,DeveloperServices/MSGSMS.png
intl-en-us,Business Applications,ROMA Connect,"Seamlessly integrate applications, messages, data, APIs, and devices",https://www.huaweicloud.com/intl/en-us/product/roma.html,https://res-static.hc-cdn.cn/cloudbu-site/public/new-product-icon/BusinessApplications/ROMAConnect.png,BusinessApplications/ROMAConnect.png
intl-en-us,Business Applications,Workspace,"Secure, efficient, and out-of-the-box virtual desktops on the cloud",https://www.huaweicloud.com/intl/en-us/product/workspace.html,https://res-static.hc-cdn.cn/cloudbu-site/public/new-product-icon/BusinessApplications/Workspace.png,BusinessApplications/Workspace.png
intl-en-us,Compute,Auto Scaling,Adapt compute resources to changing demand,https://www.huaweicloud.com/intl/en-us/product/as.html,https://res-static.hc-cdn.cn/cloudbu-site/public/new-product-icon/Compute/AS.png,Compute/AS.png
intl-en-us,Compute,Bare Metal Server (BMS),"Run services on dedicated, powerful physical servers",https://www.huaweicloud.com/intl/en-us/product/bms.html,https://res-static.hc-cdn.cn/cloudbu-site/public/new-product-icon/Compute/BMS.png,Compute/BMS.png
intl-en-us,Compute,Cloud Data Center (CloudDC),Enable quick cloud adoption for your assets,https://www.huaweicloud.com/intl/en-us/product/clouddc.html,https://res-static.hc-cdn.cn/cloudbu-site/public/new-product-icon/Compute/CloudDC.svg,Compute/CloudDC.svg
intl-en-us,Compute,Cloud Phone Host (CPH),Cloud servers with virtual phone functions,https://www.huaweicloud.com/intl/en-us/product/cph.html,https://res-static.hc-cdn.cn/cloudbu-site/public/new-product-icon/Compute/CPH.png,Compute/CPH.png
intl-en-us,Compute,Dedicated Computing Cluster (DCC),Physically isolate compute resource pools for your workloads,https://www.huaweicloud.com/intl/en-us/product/dcc.html,https://res-static.hc-cdn.cn/cloudbu-site/public/new-product-icon/Compute/dcc.png,Compute/dcc.png
intl-en-us,Compute,Dedicated Host (DeH),Ensure performance by keeping compute resources isolated,https://www.huaweicloud.com/intl/en-us/product/deh.html,https://res-static.hc-cdn.cn/cloudbu-site/public/new-product-icon/Compute/DeH.png,Compute/DeH.png
intl-en-us,Compute,Elastic Cloud Server (ECS),"Get your own secure, scalable virtual servers in the cloud",https://www.huaweicloud.com/intl/en-us/product/ecs.html,https://res-static.hc-cdn.cn/cloudbu-site/public/new-product-icon/Compute/ECS.png,Compute/ECS.png
intl-en-us,Compute,FunctionGraph,Run your code without provisioning or managing servers,https://www.huaweicloud.com/intl/en-us/product/functiongraph.html,https://res-static.hc-cdn.cn/cloudbu-site/public/new-product-icon/Compute/FunctionGraph.png,Compute/FunctionGraph.png
intl-en-us,Compute,GPU Accelerated Cloud Server (GACS),Get servers with excellent floating-point performance,https://www.huaweicloud.com/intl/en-us/product/gpu.html,https://res-static.hc-cdn.cn/cloudbu-site/public/new-product-icon/Compute/GACS.png,Compute/GACS.png
intl-en-us,Compute,Huawei Cloud Flexus,Next-generation products with transcendent performance and experience,https://www.huaweicloud.com/intl/en-us/product/flexus.html,https://res-static.hc-cdn.cn/cloudbu-site/public/new-product-icon/Compute/Flexus.png,Compute/Flexus.png
intl-en-us,Compute,Huawei Cloud Flexus L Instance,Lightweight servers ready out-of-the-box,https://www.huaweicloud.com/intl/en-us/product/flexus-l.html,https://res-static.hc-cdn.cn/cloudbu-site/public/new-product-icon/Compute/FECSL.png,Compute/FECSL.png
intl-en-us,Compute,Huawei Cloud Flexus X Instance,"Flexible compute, 6x the performance, and stellar experience",https://www.huaweicloud.com/intl/en-us/product/flexus-x.html,https://res-static.hc-cdn.cn/cloudbu-site/public/new-product-icon/Compute/FECSX.png,Compute/FECSX.png
intl-en-us,Compute,Image Management Service (IMS),Create and deploy servers faster with images,https://www.huaweicloud.com/intl/en-us/product/ims.html,https://res-static.hc-cdn.cn/cloudbu-site/public/new-product-icon/Compute/IMS.png,Compute/IMS.png
intl-en-us,Containers,Cloud Container Engine (CCE),"Experience enterprise-class, managed Kubernetes service",https://www.huaweicloud.com/intl/en-us/product/cce.html,https://res-static.hc-cdn.cn/cloudbu-site/public/new-product-icon/Containers/CCE.png,Containers/CCE.png
intl-en-us,Containers,Cloud Container Instance (CCI),Build applications efficiently with serverless containers,https://www.huaweicloud.com/intl/en-us/product/cci.html,https://res-static.hc-cdn.cn/cloudbu-site/public/new-product-icon/Containers/CCI.png,Containers/CCI.png
intl-en-us,Containers,SoftWare Repository for Container (SWR),Manage your container images easily,https://www.huaweicloud.com/intl/en-us/product/swr.html,https://res-static.hc-cdn.cn/cloudbu-site/public/new-product-icon/Containers/SWR.png,Containers/SWR.png
intl-en-us,Containers,Ubiquitous Cloud Native Service (UCS),Extend cloud native to where your business goes,https://www.huaweicloud.com/intl/en-us/product/ucs.html,https://res-static.hc-cdn.cn/cloudbu-site/public/new-product-icon/Containers/UCS.png,Containers/UCS.png
intl-en-us,Content Delivery & Edge Computing,CloudPond,Deploy integrated racks and cloud services on customer's facilities,https://www.huaweicloud.com/intl/en-us/product/cloudpond.html,https://res-static.hc-cdn.cn/cloudbu-site/public/new-product-icon/ContentDeliveryEdgeComputing/IES.png,ContentDeliveryEdgeComputing/IES.png
intl-en-us,Content Delivery & Edge Computing,Content Delivery Network (CDN),"Get content to users on this fast, scalable, and secure network",https://www.huaweicloud.com/intl/en-us/product/cdn.html,https://res-static.hc-cdn.cn/cloudbu-site/public/new-product-icon/ContentDeliveryEdgeComputing/CDN.png,ContentDeliveryEdgeComputing/CDN.png
intl-en-us,Content Delivery & Edge Computing,Intelligent Edge Cloud (IEC),Deploy cloud services near you for low latency,https://www.huaweicloud.com/intl/en-us/product/iec.html,https://res-static.hc-cdn.cn/cloudbu-site/public/new-product-icon/ContentDeliveryEdgeComputing/IEC.png,ContentDeliveryEdgeComputing/IEC.png
intl-en-us,Content Delivery & Edge Computing,Whole Site Acceleration (WSA),Speed up customer access to both your static and dynamic content,https://www.huaweicloud.com/intl/en-us/product/wsa.html,https://res-static.hc-cdn.cn/cloudbu-site/public/new-product-icon/ContentDeliveryEdgeComputing/WSA.png,ContentDeliveryEdgeComputing/WSA.png
intl-en-us,Databases,Data Admin Service (DAS),Manage your online databases with ease,https://www.huaweicloud.com/intl/en-us/product/das.html,https://res-static.hc-cdn.cn/cloudbu-site/public/new-product-icon/Databases/DAS.png,Databases/DAS.png
intl-en-us,Databases,Data Replication Service (DRS),Migrate your databases with minimal downtime,https://www.huaweicloud.com/intl/en-us/product/drs.html,https://res-static.hc-cdn.cn/cloudbu-site/public/new-product-icon/Databases/DRS.png,Databases/DRS.png
intl-en-us,Databases,Database and Application Migration UGO,Migrate heterogeneous database schemas,https://www.huaweicloud.com/intl/en-us/product/ugo.html,https://res-static.hc-cdn.cn/cloudbu-site/public/new-product-icon/Databases/UGO.png,Databases/UGO.png
intl-en-us,Databases,Distributed Cache Service (DCS),An in-memory caching service compatible with Redis®,https://www.huaweicloud.com/intl/en-us/product/dcs.html,https://res-static.hc-cdn.cn/cloudbu-site/public/new-product-icon/Middleware/Redis.png,Middleware/Redis.png
intl-en-us,Databases,Distributed Database Middleware (DDM),Scale out resources to handle massive volumes of concurrent requests,https://www.huaweicloud.com/intl/en-us/product/ddm.html,https://res-static.hc-cdn.cn/cloudbu-site/public/new-product-icon/Databases/DDM.png,Databases/DDM.png
intl-en-us,Databases,Document Database Service (DDS),A scalable document database deployed in a cluster or replica set,https://www.huaweicloud.com/intl/en-us/product/dds.html,https://res-static.hc-cdn.cn/cloudbu-site/public/new-product-icon/Databases/DDS.png,Databases/DDS.png
intl-en-us,Databases,GaussDB,"An enterprise-grade, distributed relational database",https://www.huaweicloud.com/intl/en-us/product/gaussdb.html,https://res-static.hc-cdn.cn/cloudbu-site/public/new-product-icon/Databases/GaussDB.png,Databases/GaussDB.png
intl-en-us,Databases,GeminiDB,A cloud-native multi-model database compatible with mainstream NoSQL database protocols,https://www.huaweicloud.com/intl/en-us/product/geminidb.html,https://res-static.hc-cdn.cn/cloudbu-site/public/new-product-icon/Databases/GaussDBfornosql.png,Databases/GaussDBfornosql.png
intl-en-us,Databases,Huawei Cloud Flexus RDS,Lightweight databases that are easy to set up and manage,https://www.huaweicloud.com/intl/en-us/product/flexus-rds.html,https://res-static.hc-cdn.cn/cloudbu-site/public/new-product-icon/Compute/FRDS.png,Compute/FRDS.png
intl-en-us,Databases,RDS for MariaDB,Power up your fully managed MariaDB,https://www.huaweicloud.com/intl/en-us/product/mariadb.html,https://res-static.hc-cdn.cn/cloudbu-site/public/new-product-icon/Databases/RDSforMariaDB.png,Databases/RDSforMariaDB.png
intl-en-us,Databases,RDS for MySQL,"Power your LAMP stack with this popular, open-source database",https://www.huaweicloud.com/intl/en-us/product/mysql.html,https://res-static.hc-cdn.cn/cloudbu-site/public/new-product-icon/Databases/RDSforMySQL.png,Databases/RDSforMySQL.png
intl-en-us,Databases,RDS for PostgreSQL,An open-source database that ensures data reliability and integrity,https://www.huaweicloud.com/intl/en-us/product/pg.html,https://res-static.hc-cdn.cn/cloudbu-site/public/new-product-icon/Databases/RDSforPostgreSQL.png,Databases/RDSforPostgreSQL.png
intl-en-us,Databases,TaurusDB,A MySQL-compatible enterprise-grade database,https://www.huaweicloud.com/intl/en-us/product/taurusdb.html,https://res-static.hc-cdn.cn/cloudbu-site/public/new-product-icon/Databases/GaussDBforMySQL.png,Databases/GaussDBforMySQL.png
intl-en-us,Developer Services,Cloud Application Engine (CAE),A service provides fully managed environment for deploying applications,https://www.huaweicloud.com/intl/en-us/product/cae.html,https://res-static.hc-cdn.cn/cloudbu-site/public/new-product-icon/DeveloperServices/CAE.png,DeveloperServices/CAE.png
intl-en-us,Developer Services,CodeArts,Develop software with built-in Huawei expertise,https://www.huaweicloud.com/intl/en-us/product/devcloud.html,https://res-static.hc-cdn.cn/cloudbu-site/public/new-product-icon/DeveloperServices/CodeArts.png,DeveloperServices/CodeArts.png
intl-en-us,Developer Services,CodeArts Artifact,"Secure, reliable artifacts for software development",https://www.huaweicloud.com/intl/en-us/product/cloudrelease.html,https://res-static.hc-cdn.cn/cloudbu-site/public/new-product-icon/DeveloperServices/CodeArtsArtifact.png,DeveloperServices/CodeArtsArtifact.png
intl-en-us,Developer Services,CodeArts Build,Build code with out-of-the-box capabilities,https://www.huaweicloud.com/intl/en-us/product/cloudbuild.html,https://res-static.hc-cdn.cn/cloudbu-site/public/new-product-icon/DeveloperServices/CodeArtsBuild.png,DeveloperServices/CodeArtsBuild.png
intl-en-us,Developer Services,CodeArts Check,"Manage code quality with diverse standards, guidelines, and rules",https://www.huaweicloud.com/intl/en-us/product/codecheck.html,https://res-static.hc-cdn.cn/cloudbu-site/public/new-product-icon/DeveloperServices/CodeArtsCheck.png,DeveloperServices/CodeArtsCheck.png
intl-en-us,Developer Services,CodeArts Deploy,Visualize and simplify code deployments,https://www.huaweicloud.com/intl/en-us/product/clouddeploy.html,https://res-static.hc-cdn.cn/cloudbu-site/public/new-product-icon/DeveloperServices/CodeArtsDeploy.png,DeveloperServices/CodeArtsDeploy.png
intl-en-us,Developer Services,CodeArts Governance,Identify open-source software risks,https://www.huaweicloud.com/intl/en-us/product/codeartsgovernance.html,https://res-static.hc-cdn.cn/cloudbu-site/public/new-product-icon/DeveloperServices/DevSecurity.png,DeveloperServices/DevSecurity.png
intl-en-us,Developer Services,CodeArts PerfTest,Test the performance of your applications,https://www.huaweicloud.com/intl/en-us/product/cpts.html,https://res-static.hc-cdn.cn/cloudbu-site/public/new-product-icon/DeveloperServices/CodeArtsPerfTest.png,DeveloperServices/CodeArtsPerfTest.png
intl-en-us,Developer Services,CodeArts Pipeline,Visualize and customize continuous delivery,https://www.huaweicloud.com/intl/en-us/product/cloudpipeline.html,https://res-static.hc-cdn.cn/cloudbu-site/public/new-product-icon/DeveloperServices/CodeArtsPipeline.png,DeveloperServices/CodeArtsPipeline.png
intl-en-us,Developer Services,CodeArts Repo,Host your code in private Git repositories,https://www.huaweicloud.com/intl/en-us/product/codehub.html,https://res-static.hc-cdn.cn/cloudbu-site/public/new-product-icon/DeveloperServices/CodeArtsRepo.png,DeveloperServices/CodeArtsRepo.png
intl-en-us,Developer Services,CodeArts Req,Manage R&D requirements efficiently,https://www.huaweicloud.com/intl/en-us/product/projectman.html,https://res-static.hc-cdn.cn/cloudbu-site/public/new-product-icon/DeveloperServices/CodeArtsReq.png,DeveloperServices/CodeArtsReq.png
intl-en-us,Developer Services,CodeArts TestPlan,A one-stop test management platform,https://www.huaweicloud.com/intl/en-us/product/cloudtest.html,https://res-static.hc-cdn.cn/cloudbu-site/public/new-product-icon/DeveloperServices/CodeArtsTestPlan.png,DeveloperServices/CodeArtsTestPlan.png
intl-en-us,Developer Services,Huawei Cloud Astro Zero,Develop in low code,https://www.huaweicloud.com/intl/en-us/product/appcube.html,https://res-static.hc-cdn.cn/cloudbu-site/public/new-product-icon/DeveloperServices/AstroZero.png,DeveloperServices/AstroZero.png
intl-en-us,Developer Services,ServiceStage,A one-stop PaaS service for enterprises,https://www.huaweicloud.com/intl/en-us/product/servicestage.html,https://res-static.hc-cdn.cn/cloudbu-site/public/new-product-icon/DeveloperServices/ServiceStage.png,DeveloperServices/ServiceStage.png
intl-en-us,Featured,Cloud Container Engine (CCE),"Experience enterprise-class, managed Kubernetes service",https://www.huaweicloud.com/intl/en-us/product/cce.html,https://res-static.hc-cdn.cn/cloudbu-site/public/new-product-icon/Containers/CCE.png,Containers/CCE.png
intl-en-us,Featured,Cloud Search Service (CSS),Query accurately by multiple conditions,https://www.huaweicloud.com/intl/en-us/product/css.html,https://res-static.hc-cdn.cn/cloudbu-site/public/new-product-icon/Analytics/CSS.png,Analytics/CSS.png
intl-en-us,Featured,Elastic Cloud Server (ECS),"Get your own secure, scalable virtual servers in the cloud",https://www.huaweicloud.com/intl/en-us/product/ecs.html,https://res-static.hc-cdn.cn/cloudbu-site/public/new-product-icon/Compute/ECS.png,Compute/ECS.png
intl-en-us,Featured,Elastic Load Balance (ELB),Distribute incoming traffic across multiple backend servers,https://www.huaweicloud.com/intl/en-us/product/elb.html,https://res-static.hc-cdn.cn/cloudbu-site/public/new-product-icon/Networking/ELB.png,Networking/ELB.png
intl-en-us,Featured,GaussDB,"An enterprise-grade, distributed relational database",https://www.huaweicloud.com/intl/en-us/product/gaussdb.html,https://res-static.hc-cdn.cn/cloudbu-site/public/new-product-icon/Databases/GaussDB.png,Databases/GaussDB.png
intl-en-us,Featured,Huawei Cloud Flexus,Next-generation products with transcendent performance and experience,https://www.huaweicloud.com/intl/en-us/product/flexus.html,https://res-static.hc-cdn.cn/cloudbu-site/public/new-product-icon/Compute/Flexus.png,Compute/Flexus.png
intl-en-us,Featured,KooDrive,A digital content center for streamlined collaboration,https://www.huaweicloud.com/intl/en-us/product/koodrive.html,https://res-static.hc-cdn.cn/cloudbu-site/public/new-product-icon/aPaaS/KooDrive.png,aPaaS/KooDrive.png
intl-en-us,Featured,Object Storage Service (OBS),"Take advantage of infinitely scalable, durable, and secure object storage",https://www.huaweicloud.com/intl/en-us/product/obs.html,https://res-static.hc-cdn.cn/cloudbu-site/public/new-product-icon/Storage/OBS.png,Storage/OBS.png
intl-en-us,Featured,Virtual Private Cloud (VPC),"Guard your system with isolated, private networks",https://www.huaweicloud.com/intl/en-us/product/vpc.html,https://res-static.hc-cdn.cn/cloudbu-site/public/new-product-icon/Networking/VPC.png,Networking/VPC.png
intl-en-us,Huawei Cloud Stack,Huawei Cloud Stack,"An on-premises, full-stack cloud",https://www.huaweicloud.com/intl/en-us/product/huaweicloudstack.html,https://res-static.hc-cdn.cn/cloudbu-site/public/new-product-icon/HuaweiCloudStack/huaweicloudstack.png,HuaweiCloudStack/huaweicloudstack.png
intl-en-us,Internet of Things,Global SIM Link (GSL),Manage IoT SIM cards in one place,https://www.huaweicloud.com/intl/en-us/product/gsl.html,https://res-static.hc-cdn.cn/cloudbu-site/public/new-product-icon/InternetofThings/GSL.png,InternetofThings/GSL.png
intl-en-us,Internet of Things,IoT Device Access (IoTDA),Access device fleets securely and reliably,https://www.huaweicloud.com/intl/en-us/product/iotda.html,https://res-static.hc-cdn.cn/cloudbu-site/public/new-product-icon/InternetofThings/IoTDA.png,InternetofThings/IoTDA.png
intl-en-us,Internet of Things,IoT Device Management (IoTDM),Access hundreds of millions of devices stably,https://www.huaweicloud.com/intl/en-us/product/iot.html,https://res-static.hc-cdn.cn/cloudbu-site/public/new-product-icon/InternetofThings/IoTDM.png,InternetofThings/IoTDM.png
intl-en-us,Management & Governance,Application Operations Management (AOM),A one-stop O&M platform for cloud resources and applications,https://www.huaweicloud.com/intl/en-us/product/aom.html,https://res-static.hc-cdn.cn/cloudbu-site/public/new-product-icon/ManagementGovernance/AOM.png,ManagementGovernance/AOM.png
intl-en-us,Management & Governance,Application Performance Management (APM),Monitor application performance in near real time,https://www.huaweicloud.com/intl/en-us/product/apm.html,https://res-static.hc-cdn.cn/cloudbu-site/public/new-product-icon/ManagementGovernance/APM.png,ManagementGovernance/APM.png
intl-en-us,Management & Governance,Cloud Eye,"Monitor your cloud resources, events, and websites",https://www.huaweicloud.com/intl/en-us/product/ces.html,https://res-static.hc-cdn.cn/cloudbu-site/public/new-product-icon/ManagementGovernance/CES.png,ManagementGovernance/CES.png
intl-en-us,Management & Governance,Cloud Operations Center (COC),"Enjoy secure, efficient, one-stop O&M services",https://www.huaweicloud.com/intl/en-us/product/coc.html,https://res-static.hc-cdn.cn/cloudbu-site/public/new-product-icon/ManagementGovernance/COC.png,ManagementGovernance/COC.png
intl-en-us,Management & Governance,Cloud Trace Service (CTS),Track operations made on your cloud resources,https://www.huaweicloud.com/intl/en-us/product/cts.html,https://res-static.hc-cdn.cn/cloudbu-site/public/new-product-icon/ManagementGovernance/CTS.png,ManagementGovernance/CTS.png
intl-en-us,Management & Governance,Config,Track global resource configurations and changes,https://www.huaweicloud.com/intl/en-us/product/rms.html,https://res-static.hc-cdn.cn/cloudbu-site/public/new-product-icon/ManagementGovernance/RMS.png,ManagementGovernance/RMS.png
intl-en-us,Management & Governance,Identity and Access Management (IAM),Securely manage access to your services and resources,https://www.huaweicloud.com/intl/en-us/product/iam.html,https://res-static.hc-cdn.cn/cloudbu-site/public/new-product-icon/ManagementGovernance/IAM.png,ManagementGovernance/IAM.png
intl-en-us,Management & Governance,Log Tank Service (LTS),"Collect, query, and store logs",https://www.huaweicloud.com/intl/en-us/product/lts.html,https://res-static.hc-cdn.cn/cloudbu-site/public/new-product-icon/ManagementGovernance/LTS.png,ManagementGovernance/LTS.png
intl-en-us,Management & Governance,Optimization Advisor (OA),Identify potential risks of cloud resources and get personalized recommendations,https://www.huaweicloud.com/intl/en-us/product/oa.html,https://res-static.hc-cdn.cn/cloudbu-site/public/new-product-icon/ManagementGovernance/OA.png,ManagementGovernance/OA.png
intl-en-us,Management & Governance,Organizations,Govern multiple accounts within your organization,https://www.huaweicloud.com/intl/en-us/product/organizations.html,https://res-static.hc-cdn.cn/cloudbu-site/public/new-product-icon/ManagementGovernance/Organizations.png,ManagementGovernance/Organizations.png
intl-en-us,Management & Governance,Resource Access Manager (RAM),Securely share resources across accounts,https://www.huaweicloud.com/intl/en-us/product/ram.html,https://res-static.hc-cdn.cn/cloudbu-site/public/new-product-icon/ManagementGovernance/RAM.png,ManagementGovernance/RAM.png
intl-en-us,Management & Governance,Resource Formation Service (RFS),Automatically build cloud service resources in batches,https://www.huaweicloud.com/intl/en-us/product/aos.html,https://res-static.hc-cdn.cn/cloudbu-site/public/new-product-icon/ManagementGovernance/RFS.png,ManagementGovernance/RFS.png
intl-en-us,Management & Governance,Resource Governance Center (RGC),"Set up and govern a secure, scalable multi-account cloud environment",https://www.huaweicloud.com/intl/en-us/product/rgc.html,https://res-static.hc-cdn.cn/cloudbu-site/public/new-product-icon/ManagementGovernance/RGC.png,ManagementGovernance/RGC.png
intl-en-us,Management & Governance,Simple Message Notification (SMN),"Send messages to email addresses, phone numbers, and HTTP/HTTPS servers at scale",https://www.huaweicloud.com/intl/en-us/product/smn.html,https://res-static.hc-cdn.cn/cloudbu-site/public/new-product-icon/ManagementGovernance/SMN.png,ManagementGovernance/SMN.png
intl-en-us,Media Services,Industry Video Management Service (IVM),Unified device management for machine vision equipment,https://www.huaweicloud.com/intl/en-us/product/ivm.html,https://res-static.hc-cdn.cn/cloudbu-site/public/new-product-icon/SecurityCompliance/IVM.png,SecurityCompliance/IVM.png
intl-en-us,Media Services,Live,Secure and reliable livestreaming with low latency,https://www.huaweicloud.com/intl/en-us/product/live.html,https://res-static.hc-cdn.cn/cloudbu-site/public/new-product-icon/MediaServices/Live.png,MediaServices/Live.png
intl-en-us,Media Services,Media Processing Center (MPC),"Cost-effective, scalable media transcoding",https://www.huaweicloud.com/intl/en-us/product/mpc.html,https://res-static.hc-cdn.cn/cloudbu-site/public/new-product-icon/MediaServices/MPC.png,MediaServices/MPC.png
intl-en-us,Media Services,MetaStudio,One-stop digital content production pipeline,https://www.huaweicloud.com/intl/en-us/product/metastudio.html,https://res-static.hc-cdn.cn/cloudbu-site/public/new-product-icon/MediaServices/MetaStudio.png,MediaServices/MetaStudio.png
intl-en-us,Media Services,Video on Demand (VOD),"Enjoy a secure, smooth, and customizable VOD service",https://www.huaweicloud.com/intl/en-us/product/vod.html,https://res-static.hc-cdn.cn/cloudbu-site/public/new-product-icon/MediaServices/VOD.png,MediaServices/VOD.png
intl-en-us,Middleware,API Gateway (APIG),"Build, manage, and deploy APIs at any scale",https://www.huaweicloud.com/intl/en-us/product/apig.html,https://res-static.hc-cdn.cn/cloudbu-site/public/new-product-icon/Middleware/APIG.png,Middleware/APIG.png
intl-en-us,Middleware,Cloud Service Engine (CSE),"Cover microservice application registration, discovery, configuration management, and governance",https://www.huaweicloud.com/intl/en-us/product/cse.html,https://res-static.hc-cdn.cn/cloudbu-site/public/new-product-icon/Middleware/CSE.png,Middleware/CSE.png
intl-en-us,Middleware,Distributed Cache Service (DCS) for Memcached,A high-performance distributed caching system,https://www.huaweicloud.com/intl/en-us/product/dcsmem.html,https://res-static.hc-cdn.cn/cloudbu-site/public/new-product-icon/Middleware/Memcached.png,Middleware/Memcached.png
intl-en-us,Middleware,Distributed Message Service (DMS),A high-performance managed message queue service,https://www.huaweicloud.com/intl/en-us/product/dms.html,https://res-static.hc-cdn.cn/cloudbu-site/public/new-product-icon/Middleware/DMS.png,Middleware/DMS.png
intl-en-us,Middleware,Distributed Message Service (DMS) for Kafka,"A fully managed, highly reliable message middleware service",https://www.huaweicloud.com/intl/en-us/product/dmskafka.html,https://res-static.hc-cdn.cn/cloudbu-site/public/new-product-icon/Middleware/Kafka.png,Middleware/Kafka.png
intl-en-us,Middleware,Distributed Message Service (DMS) for RabbitMQ,"Open-source compatibility, AMQP supported",https://www.huaweicloud.com/intl/en-us/product/rabbitmq.html,https://res-static.hc-cdn.cn/cloudbu-site/public/new-product-icon/Middleware/RabbitMQ.png,Middleware/RabbitMQ.png
intl-en-us,Middleware,Distributed Message Service (DMS) for RocketMQ,"Open-source compatibility, low latency, high reliability",https://www.huaweicloud.com/intl/en-us/product/rocketmq.html,https://res-static.hc-cdn.cn/cloudbu-site/public/new-product-icon/Middleware/ROCKETMQ.png,Middleware/ROCKETMQ.png
intl-en-us,Middleware,Multi-Site High Availability Service (MAS),E2E service failover and DR drills,https://www.huaweicloud.com/intl/en-us/product/mas.html,https://res-static.hc-cdn.cn/cloudbu-site/public/new-product-icon/Middleware/MAS.png,Middleware/MAS.png
intl-en-us,Migration,Cloud Data Migration (CDM),Migrate data between homogeneous and heterogeneous sources,https://www.huaweicloud.com/intl/en-us/product/cdm.html,https://res-static.hc-cdn.cn/cloudbu-site/public/new-product-icon/Migration/CDM.png,Migration/CDM.png
intl-en-us,Migration,Migration Center (MgC),Simplify and accelerate cloud migration and modernization,https://www.huaweicloud.com/intl/en-us/product/mgc.html,https://res-static.hc-cdn.cn/cloudbu-site/public/new-product-icon/Migration/MGC.png,Migration/MGC.png
intl-en-us,Migration,Object Storage Migration Service (OMS),Migrate data in object storage to Huawei Cloud,https://www.huaweicloud.com/intl/en-us/product/oms.html,https://res-static.hc-cdn.cn/cloudbu-site/public/new-product-icon/Migration/OMS.png,Migration/OMS.png
intl-en-us,Migration,Server Migration Service (SMS),Migrate servers in IDC or other clouds to Huawei Cloud,https://www.huaweicloud.com/intl/en-us/product/sms.html,https://res-static.hc-cdn.cn/cloudbu-site/public/new-product-icon/Migration/SMS.png,Migration/SMS.png
intl-en-us,Networking,Cloud Connect,Connect VPCs across regions,https://www.huaweicloud.com/intl/en-us/product/cc.html,https://res-static.hc-cdn.cn/cloudbu-site/public/new-product-icon/Networking/CC.png,Networking/CC.png
intl-en-us,Networking,Direct Connect,Establish dedicated network connections to Huawei Cloud,https://www.huaweicloud.com/intl/en-us/product/dc.html,https://res-static.hc-cdn.cn/cloudbu-site/public/new-product-icon/Networking/DC.png,Networking/DC.png
intl-en-us,Networking,Domain Name Service (DNS),"Highly available, scalable authoritative resolution",https://www.huaweicloud.com/intl/en-us/product/dns.html,https://res-static.hc-cdn.cn/cloudbu-site/public/new-product-icon/BusinessApplications/DNS.png,BusinessApplications/DNS.png
intl-en-us,Networking,Elastic IP (EIP),Create highly available systems with static public IP addresses,https://www.huaweicloud.com/intl/en-us/product/eip.html,https://res-static.hc-cdn.cn/cloudbu-site/public/new-product-icon/Networking/EIP.png,Networking/EIP.png
intl-en-us,Networking,Elastic Load Balance (ELB),Distribute incoming traffic across multiple backend servers,https://www.huaweicloud.com/intl/en-us/product/elb.html,https://res-static.hc-cdn.cn/cloudbu-site/public/new-product-icon/Networking/ELB.png,Networking/ELB.png
intl-en-us,Networking,Enterprise Router,Connect your VPCs and on-premises networks simply and easily,https://www.huaweicloud.com/intl/en-us/product/er.html,https://res-static.hc-cdn.cn/cloudbu-site/public/new-product-icon/Networking/ER.png,Networking/ER.png
intl-en-us,Networking,Enterprise Switch,Connect cloud and on-premises networks at Layer 2,https://www.huaweicloud.com/intl/en-us/product/esw.html,https://res-static.hc-cdn.cn/cloudbu-site/public/new-product-icon/Networking/ESW.png,Networking/ESW.png
intl-en-us,Networking,Global Accelerator,Accelerate access over Huawei Cloud backbone network,https://www.huaweicloud.com/intl/en-us/product/ga.html,https://res-static.hc-cdn.cn/cloudbu-site/public/new-product-icon/Networking/GA.png,Networking/GA.png
intl-en-us,Networking,NAT Gateway (NAT),Enable network address translation for cloud and on-premises servers,https://www.huaweicloud.com/intl/en-us/product/nat.html,https://res-static.hc-cdn.cn/cloudbu-site/public/new-product-icon/Networking/NAT.png,Networking/NAT.png
intl-en-us,Networking,VPC Endpoint (VPCEP),Set up private connections between VPCs,https://www.huaweicloud.com/intl/en-us/product/vpcep.html,https://res-static.hc-cdn.cn/cloudbu-site/public/new-product-icon/Networking/VPCEP.png,Networking/VPCEP.png
intl-en-us,Networking,Virtual Private Cloud (VPC),"Guard your system with isolated, private networks",https://www.huaweicloud.com/intl/en-us/product/vpc.html,https://res-static.hc-cdn.cn/cloudbu-site/public/new-product-icon/Networking/VPC.png,Networking/VPC.png
intl-en-us,Networking,Virtual Private Network (VPN),Connect your local data center to the cloud through secure and reliable IPsec connections,https://www.huaweicloud.com/intl/en-us/product/vpn.html,https://res-static.hc-cdn.cn/cloudbu-site/public/new-product-icon/Networking/VPN.png,Networking/VPN.png
intl-en-us,Security & Compliance,Anti-DDoS Service (AAD),Swiftly mitigate cyberattacks that could disrupt services,https://www.huaweicloud.com/intl/en-us/product/aad.html,https://res-static.hc-cdn.cn/cloudbu-site/public/new-product-icon/SecurityCompliance/AAD.png,SecurityCompliance/AAD.png
intl-en-us,Security & Compliance,Cloud Bastion Host (CBH),"Manage servers, control permissions, and audit O&M",https://www.huaweicloud.com/intl/en-us/product/cbh.html,https://res-static.hc-cdn.cn/cloudbu-site/public/new-product-icon/SecurityCompliance/CBH.png,SecurityCompliance/CBH.png
intl-en-us,Security & Compliance,Cloud Certificate & Manager (CCM),Manage SSL and private certificates,https://www.huaweicloud.com/intl/en-us/product/ccm.html,https://res-static.hc-cdn.cn/cloudbu-site/public/new-product-icon/SecurityCompliance/SSL.png,SecurityCompliance/SSL.png
intl-en-us,Security & Compliance,Cloud Firewall (CFW),Control traffic and prevent intrusions,https://www.huaweicloud.com/intl/en-us/product/cfw.html,https://res-static.hc-cdn.cn/cloudbu-site/public/new-product-icon/SecurityCompliance/CFW.png,SecurityCompliance/CFW.png
intl-en-us,Security & Compliance,Data Encryption Workshop (DEW),Encrypt data and manage keys on the cloud,https://www.huaweicloud.com/intl/en-us/product/dew.html,https://res-static.hc-cdn.cn/cloudbu-site/public/new-product-icon/SecurityCompliance/DEW.png,SecurityCompliance/DEW.png
intl-en-us,Security & Compliance,Data Security Center (DSC),Cloud native data security governance platform,https://www.huaweicloud.com/intl/en-us/product/dsc.html,https://res-static.hc-cdn.cn/cloudbu-site/public/new-product-icon/SecurityCompliance/DSC.png,SecurityCompliance/DSC.png
intl-en-us,Security & Compliance,Database Security Service (DBSS),Audit databases and detect SQL injections,https://www.huaweicloud.com/intl/en-us/product/dbss.html,https://res-static.hc-cdn.cn/cloudbu-site/public/new-product-icon/SecurityCompliance/DBSS.png,SecurityCompliance/DBSS.png
intl-en-us,Security & Compliance,Edge Security (EdgeSec),Protect edge applications while improving acceleration,https://www.huaweicloud.com/intl/en-us/product/edgesec.html,https://res-static.hc-cdn.cn/cloudbu-site/public/new-product-icon/SecurityCompliance/EdgeSec.png,SecurityCompliance/EdgeSec.png
intl-en-us,Security & Compliance,Host Security Service (HSS),"Manage assets, prevent intrusions, and eliminate vulnerabilities",https://www.huaweicloud.com/intl/en-us/product/hss.html,https://res-static.hc-cdn.cn/cloudbu-site/public/new-product-icon/SecurityCompliance/HSS.png,SecurityCompliance/HSS.png
intl-en-us,Security & Compliance,SecMaster,"Intelligent, next-gen cloud native security operations center",https://www.huaweicloud.com/intl/en-us/product/secmaster.html,https://res-static.hc-cdn.cn/cloudbu-site/public/new-product-icon/SecurityCompliance/SecMaster.png,SecurityCompliance/SecMaster.png
intl-en-us,Security & Compliance,Web Application Firewall (WAF),Shield web apps and websites against emerging threats 24/7,https://www.huaweicloud.com/intl/en-us/product/waf.html,https://res-static.hc-cdn.cn/cloudbu-site/public/new-product-icon/SecurityCompliance/WAF.png,SecurityCompliance/WAF.png
intl-en-us,Storage,Business Recovery Service (BRS),"Enjoy cross-AZ, zero-RPO data protection for your ECSs",https://www.huaweicloud.com/intl/en-us/product/sdrs.html,https://res-static.hc-cdn.cn/cloudbu-site/public/new-product-icon/Storage/SDRS.png,Storage/SDRS.png
intl-en-us,Storage,Cloud Backup and Recovery (CBR),Centrally manage backups of your cloud and on-premises resources,https://www.huaweicloud.com/intl/en-us/product/cbr.html,https://res-static.hc-cdn.cn/cloudbu-site/public/new-product-icon/Storage/CBR.png,Storage/CBR.png
intl-en-us,Storage,Cloud Server Backup Service (CSBS),Consistently back up disks on your cloud servers,https://www.huaweicloud.com/intl/en-us/product/csbs.html,https://res-static.hc-cdn.cn/cloudbu-site/public/new-product-icon/Storage/CSBS.png,Storage/CSBS.png
intl-en-us,Storage,Data Express Service (DES),Transmit massive volumes of data safely and quickly to Huawei Cloud,https://www.huaweicloud.com/intl/en-us/product/des.html,https://res-static.hc-cdn.cn/cloudbu-site/public/new-product-icon/Storage/DES.png,Storage/DES.png
intl-en-us,Storage,Dedicated Distributed Storage Service (DSS),"Get dedicated, physical block storage",https://www.huaweicloud.com/intl/en-us/product/dss.html,https://res-static.hc-cdn.cn/cloudbu-site/public/new-product-icon/Storage/DSS.png,Storage/DSS.png
intl-en-us,Storage,Elastic Volume Service (EVS),Give your servers persistent block storage,https://www.huaweicloud.com/intl/en-us/product/evs.html,https://res-static.hc-cdn.cn/cloudbu-site/public/new-product-icon/Storage/EVS.png,Storage/EVS.png
intl-en-us,Storage,Object Storage Service (OBS),"Take advantage of infinitely scalable, durable, and secure object storage",https://www.huaweicloud.com/intl/en-us/product/obs.html,https://res-static.hc-cdn.cn/cloudbu-site/public/new-product-icon/Storage/OBS.png,Storage/OBS.png
intl-en-us,Storage,Scalable File Service (SFS),Enjoy fully hosted NAS file systems,https://www.huaweicloud.com/intl/en-us/product/sfs.html,https://res-static.hc-cdn.cn/cloudbu-site/public/new-product-icon/Storage/SFS.png,Storage/SFS.png
intl-en-us,Storage,Scalable File Service Turbo (SFS Turbo),"Enjoy high-bandwidth, low-latency access to fully-hosted shared file systems",https://www.huaweicloud.com/intl/en-us/product/sfsturbo.html,https://res-static.hc-cdn.cn/cloudbu-site/public/new-product-icon/Storage/SFSTurbo.png,Storage/SFSTurbo.png
intl-en-us,Storage,Volume Backup Service (VBS),Back up cloud disks on running servers,https://www.huaweicloud.com/intl/en-us/product/vbs.html,https://res-static.hc-cdn.cn/cloudbu-site/public/new-product-icon/Storage/VBS.png,Storage/VBS.png
intl-en-us,aPaaS,KooDrive,A digital content center for streamlined collaboration,https://www.huaweicloud.com/intl/en-us/product/koodrive.html,https://res-static.hc-cdn.cn/cloudbu-site/public/new-product-icon/aPaaS/KooDrive.png,aPaaS/KooDrive.png
intl-en-us,aPaaS,KooMessage,One-stop Rich Media Messaging,https://www.huaweicloud.com/intl/en-us/product/koomessage.html,https://res-static.hc-cdn.cn/cloudbu-site/public/new-product-icon/aPaaS/KooMessage.png,aPaaS/KooMessage.png
intl-zh-cn,CDN与智能边缘,CloudPond,将华为云基础设施和云服务部署到用户机房,https://www.huaweicloud.com/intl/zh-cn/product/cloudpond.html,https://res-static.hc-cdn.cn/cloudbu-site/public/new-product-icon/ContentDeliveryEdgeComputing/IES.png,ContentDeliveryEdgeComputing/IES.png
intl-zh-cn,CDN与智能边缘,全站加速 WSA,提升网络传输的性能、稳定性和访问体验,https://www.huaweicloud.com/intl/zh-cn/product/wsa.html,https://res-static.hc-cdn.cn/cloudbu-site/public/new-product-icon/ContentDeliveryEdgeComputing/WSA.png,ContentDeliveryEdgeComputing/WSA.png
intl-zh-cn,CDN与智能边缘,内容分发网络 CDN,就近获得所需内容，改善网络拥挤状况,https://www.huaweicloud.com/intl/zh-cn/product/cdn.html,https://res-static.hc-cdn.cn/cloudbu-site/public/new-product-icon/ContentDeliveryEdgeComputing/CDN.png,ContentDeliveryEdgeComputing/CDN.png
intl-zh-cn,CDN与智能边缘,智能边缘云 IEC,部署距用户更近的位置，提供低时延体验,https://www.huaweicloud.com/intl/zh-cn/product/iec.html,https://res-static.hc-cdn.cn/cloudbu-site/public/new-product-icon/ContentDeliveryEdgeComputing/IEC.png,ContentDeliveryEdgeComputing/IEC.png
intl-zh-cn,IoT物联网,全球SIM联接 GSL,为物联网设备提供一站式SIM卡管理,https://www.huaweicloud.com/intl/zh-cn/product/gsl.html,https://res-static.hc-cdn.cn/cloudbu-site/public/new-product-icon/InternetofThings/GSL.png,InternetofThings/GSL.png
intl-zh-cn,IoT物联网,设备接入 IoTDA,安全可靠接入海量设备,https://www.huaweicloud.com/intl/zh-cn/product/iotda.html,https://res-static.hc-cdn.cn/cloudbu-site/public/new-product-icon/InternetofThings/IoTDA.png,InternetofThings/IoTDA.png
intl-zh-cn,IoT物联网,设备管理 IoTDM,实现亿级设备安全、可靠、稳定接入云端,https://www.huaweicloud.com/intl/zh-cn/product/iot.html,https://res-static.hc-cdn.cn/cloudbu-site/public/new-product-icon/InternetofThings/IoTDM.png,InternetofThings/IoTDM.png
intl-zh-cn,人工智能,AI开发平台ModelArts,面向AI开发者的一站式开发平台,https://www.huaweicloud.com/intl/zh-cn/product/modelarts.html,https://res-static.hc-cdn.cn/cloudbu-site/public/new-product-icon/AI/ModelArts.png,AI/ModelArts.png
intl-zh-cn,人工智能,MaaS模型即服务,极致性能，易用的Tokens服务,https://www.huaweicloud.com/intl/zh-cn/product/maas.html,https://res-static.hc-cdn.cn/cloudbu-site/public/new-product-icon/AI/MaaS.png,AI/MaaS.png
intl-zh-cn,人工智能,一句话识别,将一分钟内的音频转换为文本,https://www.huaweicloud.com/intl/zh-cn/product/asr.html,https://res-static.hc-cdn.cn/cloudbu-site/public/new-product-icon/AI/asr.png,AI/asr.png
intl-zh-cn,人工智能,内容审核 Moderation,准确识别图像、文本、视频等内容,https://www.huaweicloud.com/intl/zh-cn/product/moderation.html,https://res-static.hc-cdn.cn/cloudbu-site/public/new-product-icon/AI/Moderation.png,AI/Moderation.png
intl-zh-cn,人工智能,华为HiLens,端云协同AI应用开发平台,https://www.huaweicloud.com/intl/zh-cn/product/hilens.html,https://res-static.hc-cdn.cn/cloudbu-site/public/new-product-icon/AI/hilens.png,AI/hilens.png
intl-zh-cn,人工智能,图像识别 Image,准确识别图像中的视觉内容,https://www.huaweicloud.com/intl/zh-cn/product/image.html,https://res-static.hc-cdn.cn/cloudbu-site/public/new-product-icon/AI/Image.png,AI/Image.png
intl-zh-cn,人工智能,图引擎服务 GES,针对图结构数据，进行查询分析,https://www.huaweicloud.com/intl/zh-cn/product/ges.html,https://res-static.hc-cdn.cn/cloudbu-site/public/new-product-icon/AI/ges.png,AI/ges.png
intl-zh-cn,人工智能,文字识别 OCR,将图片中的文字识别成可编辑的文本,https://www.huaweicloud.com/intl/zh-cn/product/ocr.html,https://res-static.hc-cdn.cn/cloudbu-site/public/new-product-icon/AI/OCR.png,AI/OCR.png
intl-zh-cn,人工智能,智能问答机器人 QABot,构建和管理智能问答机器人系统,https://www.huaweicloud.com/intl/zh-cn/product/cbsqa.html,https://res-static.hc-cdn.cn/cloudbu-site/public/new-product-icon/AI/cbsqa.png,AI/cbsqa.png
intl-zh-cn,人工智能,盘古大模型 PanguLargeModels,AI for Industries 大模型重塑千行百业,https://www.huaweicloud.com/intl/zh-cn/product/pangu.html,https://res-static.hc-cdn.cn/cloudbu-site/public/new-product-icon/AI/pangu.png,AI/pangu.png
intl-zh-cn,人工智能,视频智能分析服务 VIAS,视频AI分析、事件感知一体化平台,https://www.huaweicloud.com/intl/zh-cn/product/vias.html,https://res-static.hc-cdn.cn/cloudbu-site/public/new-product-icon/AI/VIAS.png,AI/VIAS.png
intl-zh-cn,企业应用,云客服 CEC,提供呼叫中心云服务，高效联络用户,https://www.huaweicloud.com/intl/zh-cn/product/cec.html,https://res-static.hc-cdn.cn/cloudbu-site/public/new-product-icon/BusinessApplications/CEC.png,BusinessApplications/CEC.png
intl-zh-cn,企业应用,云桌面 Workspace,安全高效、即开即用的云上虚拟桌面服务,https://www.huaweicloud.com/intl/zh-cn/product/workspace.html,https://res-static.hc-cdn.cn/cloudbu-site/public/new-product-icon/BusinessApplications/Workspace.png,BusinessApplications/Workspace.png
intl-zh-cn,企业应用,华为云WeLink,安全、智能、数字化协同办公平台,https://www.huaweicloud.com/intl/zh-cn/product/welink.html,https://res-static.hc-cdn.cn/cloudbu-site/public/new-product-icon/BusinessApplications/WeLink.png,BusinessApplications/WeLink.png
intl-zh-cn,企业应用,华为云会议 Meeting,提供全场景端云协同视频会议解决方案,https://www.huaweicloud.com/intl/zh-cn/product/meeting.html,https://res-static.hc-cdn.cn/cloudbu-site/public/new-product-icon/BusinessApplications/Meeting.png,BusinessApplications/Meeting.png
intl-zh-cn,企业应用,应用与数据集成平台 ROMAConnect,无缝联接应用、消息、数据、API、设备,https://www.huaweicloud.com/intl/zh-cn/product/roma.html,https://res-static.hc-cdn.cn/cloudbu-site/public/new-product-icon/BusinessApplications/ROMAConnect.png,BusinessApplications/ROMAConnect.png
intl-zh-cn,企业应用,消息&短信 MSGSMS,携手全球运营商和渠道提供短信服务,https://www.huaweicloud.com/intl/zh-cn/product/msgsms.html,https://res-static.hc-cdn.cn/cloudbu-site/public/new-product-icon/DeveloperServices/MSGSMS.png,DeveloperServices/MSGSMS.png
intl-zh-cn,企业应用,边缘数据中心管理 EDCM,数据中心基础设施远程云管理,https://www.huaweicloud.com/intl/zh-cn/product/edcm.html,https://res-static.hc-cdn.cn/cloudbu-site/public/new-product-icon/BusinessApplications/EDCM.png,BusinessApplications/EDCM.png
intl-zh-cn,区块链,区块链服务 BCS,高性能、高安全的区块链技术平台服务,https://www.huaweicloud.com/intl/zh-cn/product/bcs.html,https://res-static.hc-cdn.cn/cloudbu-site/public/new-product-icon/Blockchain/BCS.png,Blockchain/BCS.png
intl-zh-cn,华为云Stack,华为云Stack,本地部署，匹配政企的全栈云服务,https://www.huaweicloud.com/intl/zh-cn/product/huaweicloudstack.html,https://res-static.hc-cdn.cn/cloudbu-site/public/new-product-icon/HuaweiCloudStack/huaweicloudstack.png,HuaweiCloudStack/huaweicloudstack.png
intl-zh-cn,大数据,MapReduce服务 MRS,企业级大数据集群云服务,https://www.huaweicloud.com/intl/zh-cn/product/mrs.html,https://res-static.hc-cdn.cn/cloudbu-site/public/new-product-icon/Analytics/MapReduce.png,Analytics/MapReduce.png
intl-zh-cn,大数据,云搜索服务 CSS,提供多条件检索与分析能力,https://www.huaweicloud.com/intl/zh-cn/product/css.html,https://res-static.hc-cdn.cn/cloudbu-site/public/new-product-icon/Analytics/CSS.png,Analytics/CSS.png
intl-zh-cn,大数据,云数据仓库 GaussDB(DWS),极致性能、稳定、按需扩展的数据仓库,https://www.huaweicloud.com/intl/zh-cn/product/dws.html,https://res-static.hc-cdn.cn/cloudbu-site/public/new-product-icon/Analytics/DWS.png,Analytics/DWS.png
intl-zh-cn,大数据,实时流计算服务 CS,实时大数据分析平台,https://www.huaweicloud.com/intl/zh-cn/product/cs.html,https://res-static.hc-cdn.cn/cloudbu-site/public/new-product-icon/Analytics/CS.png,Analytics/CS.png
intl-zh-cn,大数据,数据可视化 DLV,提供可视化组件定制和应用数据大屏,https://www.huaweicloud.com/intl/zh-cn/product/dlv.html,https://res-static.hc-cdn.cn/cloudbu-site/public/new-product-icon/Analytics/DLV.png,Analytics/DLV.png
intl-zh-cn,大数据,数据接入服务 DIS,实时数据接入、处理、转储服务,https://www.huaweicloud.com/intl/zh-cn/product/dis.html,https://res-static.hc-cdn.cn/cloudbu-site/public/new-product-icon/Analytics/DIS.png,Analytics/DIS.png
intl-zh-cn,大数据,数据治理中心 DataArts Studio,一站式数据开发与治理平台,https://www.huaweicloud.com/intl/zh-cn/product/dayu.html,https://res-static.hc-cdn.cn/cloudbu-site/public/new-product-icon/Analytics/DataArts.png,Analytics/DataArts.png
intl-zh-cn,大数据,数据湖探索 DLI,流处理、批处理的融合处理分析服务,https://www.huaweicloud.com/intl/zh-cn/product/dli.html,https://res-static.hc-cdn.cn/cloudbu-site/public/new-product-icon/Analytics/DLI.png,Analytics/DLI.png
intl-zh-cn,大数据,数智融合计算服务 DataArts Fabric,提供一站式数据+AI开发平台,https://www.huaweicloud.com/intl/zh-cn/product/dataartsfabric.html,https://res-static.hc-cdn.cn/cloudbu-site/public/new-product-icon/Analytics/DataArtsFabric.png,Analytics/DataArtsFabric.png
intl-zh-cn,存储,专属分布式存储服务 DSS,提供独享的物理存储资源,https://www.huaweicloud.com/intl/zh-cn/product/dss.html,https://res-static.hc-cdn.cn/cloudbu-site/public/new-product-icon/Storage/DSS.png,Storage/DSS.png
intl-zh-cn,存储,业务恢复服务 BRS,提供跨可用区RPO=0的容灾保护服务,https://www.huaweicloud.com/intl/zh-cn/product/sdrs.html,https://res-static.hc-cdn.cn/cloudbu-site/public/new-product-icon/Storage/SDRS.png,Storage/SDRS.png
intl-zh-cn,存储,云备份 CBR,为云服务器、云硬盘等提供备份服务,https://www.huaweicloud.com/intl/zh-cn/product/cbr.html,https://res-static.hc-cdn.cn/cloudbu-site/public/new-product-icon/Storage/CBR.png,Storage/CBR.png
intl-zh-cn,存储,云服务器备份 CSBS,为所有云硬盘创建一致性在线备份,https://www.huaweicloud.com/intl/zh-cn/product/csbs.html,https://res-static.hc-cdn.cn/cloudbu-site/public/new-product-icon/Storage/CSBS.png,Storage/CSBS.png
intl-zh-cn,存储,云硬盘 EVS,为计算服务提供持久性块存储的服务,https://www.huaweicloud.com/intl/zh-cn/product/evs.html,https://res-static.hc-cdn.cn/cloudbu-site/public/new-product-icon/Storage/EVS.png,Storage/EVS.png
intl-zh-cn,存储,云硬盘备份 VBS,创建在线备份，无需关机/重启,https://www.huaweicloud.com/intl/zh-cn/product/vbs.html,https://res-static.hc-cdn.cn/cloudbu-site/public/new-product-icon/Storage/VBS.png,Storage/VBS.png
intl-zh-cn,存储,对象存储服务 OBS,稳定、安全、高效、易用的云存储服务,https://www.huaweicloud.com/intl/zh-cn/product/obs.html,https://res-static.hc-cdn.cn/cloudbu-site/public/new-product-icon/Storage/OBS.png,Storage/OBS.png
intl-zh-cn,存储,弹性文件服务 SFS,完全托管的共享文件存储,https://www.huaweicloud.com/intl/zh-cn/product/sfs.html,https://res-static.hc-cdn.cn/cloudbu-site/public/new-product-icon/Storage/SFS.png,Storage/SFS.png
intl-zh-cn,存储,数据快递服务 DES,为数据上云提供安全、快速的传输服务,https://www.huaweicloud.com/intl/zh-cn/product/des.html,https://res-static.hc-cdn.cn/cloudbu-site/public/new-product-icon/Storage/DES.png,Storage/DES.png
intl-zh-cn,存储,高性能弹性文件服务 SFS Turbo,高带宽、低时延的全托管文件服务,https://www.huaweicloud.com/intl/zh-cn/product/sfsturbo.html,https://res-static.hc-cdn.cn/cloudbu-site/public/new-product-icon/Storage/SFSTurbo.png,Storage/SFSTurbo.png
intl-zh-cn,安全与合规,DDoS防护 AAD,快速缓解对业务造成瘫痪的网络攻击,https://www.huaweicloud.com/intl/zh-cn/product/aad.html,https://res-static.hc-cdn.cn/cloudbu-site/public/new-product-icon/SecurityCompliance/AAD.png,SecurityCompliance/AAD.png
intl-zh-cn,安全与合规,Web应用防火墙 WAF,识别恶意请求特征和防御未知威胁,https://www.huaweicloud.com/intl/zh-cn/product/waf.html,https://res-static.hc-cdn.cn/cloudbu-site/public/new-product-icon/SecurityCompliance/WAF.png,SecurityCompliance/WAF.png
intl-zh-cn,安全与合规,云堡垒机 CBH,主机管理、权限控制、运维审计,https://www.huaweicloud.com/intl/zh-cn/product/cbh.html,https://res-static.hc-cdn.cn/cloudbu-site/public/new-product-icon/SecurityCompliance/CBH.png,SecurityCompliance/CBH.png
intl-zh-cn,安全与合规,云证书与管理服务 CCM,SSL证书和私有证书管理,https://www.huaweicloud.com/intl/zh-cn/product/ccm.html,https://res-static.hc-cdn.cn/cloudbu-site/public/new-product-icon/SecurityCompliance/SSL.png,SecurityCompliance/SSL.png
intl-zh-cn,安全与合规,云防火墙 CFW,网络流量管控与入侵安全防护,https://www.huaweicloud.com/intl/zh-cn/product/cfw.html,https://res-static.hc-cdn.cn/cloudbu-site/public/new-product-icon/SecurityCompliance/CFW.png,SecurityCompliance/CFW.png
intl-zh-cn,安全与合规,企业主机安全 HSS,服务器贴身安全管家,https://www.huaweicloud.com/intl/zh-cn/product/hss.html,https://res-static.hc-cdn.cn/cloudbu-site/public/new-product-icon/SecurityCompliance/HSS.png,SecurityCompliance/HSS.png
intl-zh-cn,安全与合规,安全云脑 SecMaster,云原生的新一代智能安全运营中心,https://www.huaweicloud.com/intl/zh-cn/product/secmaster.html,https://res-static.hc-cdn.cn/cloudbu-site/public/new-product-icon/SecurityCompliance/SecMaster.png,SecurityCompliance/SecMaster.png
intl-zh-cn,安全与合规,密码安全中心 DEW,云上数据加密和密钥托管服务,https://www.huaweicloud.com/intl/zh-cn/product/dew.html,https://res-static.hc-cdn.cn/cloudbu-site/public/new-product-icon/SecurityCompliance/DEW.png,SecurityCompliance/DEW.png
intl-zh-cn,安全与合规,数据安全中心 DSC,云原生数据安全治理平台,https://www.huaweicloud.com/intl/zh-cn/product/dsc.html,https://res-static.hc-cdn.cn/cloudbu-site/public/new-product-icon/SecurityCompliance/DSC.png,SecurityCompliance/DSC.png
intl-zh-cn,安全与合规,数据库安全服务 DBSS,数据库审计，SQL注入攻击检测,https://www.huaweicloud.com/intl/zh-cn/product/dbss.html,https://res-static.hc-cdn.cn/cloudbu-site/public/new-product-icon/SecurityCompliance/DBSS.png,SecurityCompliance/DBSS.png
intl-zh-cn,安全与合规,边缘安全 EdgeSec,保护边缘应用安全，提升安全加速体验,https://www.huaweicloud.com/intl/zh-cn/product/edgesec.html,https://res-static.hc-cdn.cn/cloudbu-site/public/new-product-icon/SecurityCompliance/EdgeSec.png,SecurityCompliance/EdgeSec.png
intl-zh-cn,容器,云容器实例 CCI,提供敏捷安全的Serverless容器服务,https://www.huaweicloud.com/intl/zh-cn/product/cci.html,https://res-static.hc-cdn.cn/cloudbu-site/public/new-product-icon/Containers/CCI.png,Containers/CCI.png
intl-zh-cn,容器,云容器引擎 CCE,高可靠的企业级容器应用管理服务,https://www.huaweicloud.com/intl/zh-cn/product/cce.html,https://res-static.hc-cdn.cn/cloudbu-site/public/new-product-icon/Containers/CCE.png,Containers/CCE.png
intl-zh-cn,容器,华为云UCS,提供无处不在的云原生服务,https://www.huaweicloud.com/intl/zh-cn/product/ucs.html,https://res-static.hc-cdn.cn/cloudbu-site/public/new-product-icon/Containers/UCS.png,Containers/UCS.png
intl-zh-cn,容器,容器镜像服务 SWR,容器镜像全生命周期管理,https://www.huaweicloud.com/intl/zh-cn/product/swr.html,https://res-static.hc-cdn.cn/cloudbu-site/public/new-product-icon/Containers/SWR.png,Containers/SWR.png
intl-zh-cn,应用中间件,API网关 APIG,构建、管理和部署任意规模的API服务,https://www.huaweicloud.com/intl/zh-cn/product/apig.html,https://res-static.hc-cdn.cn/cloudbu-site/public/new-product-icon/Middleware/APIG.png,Middleware/APIG.png
intl-zh-cn,应用中间件,分布式消息服务 DMS,完全托管的高性能消息队列服务,https://www.huaweicloud.com/intl/zh-cn/product/dms.html,https://res-static.hc-cdn.cn/cloudbu-site/public/new-product-icon/Middleware/DMS.png,Middleware/DMS.png
intl-zh-cn,应用中间件,分布式消息服务Kafka版,高吞吐、高可用的消息中间件服务,https://www.huaweicloud.com/intl/zh-cn/product/dmskafka.html,https://res-static.hc-cdn.cn/cloudbu-site/public/new-product-icon/Middleware/Kafka.png,Middleware/Kafka.png
intl-zh-cn,应用中间件,分布式消息服务RabbitMQ版,支持AMQP协议，兼容RabbitMQ生态,https://www.huaweicloud.com/intl/zh-cn/product/rabbitmq.html,https://res-static.hc-cdn.cn/cloudbu-site/public/new-product-icon/Middleware/RabbitMQ.png,Middleware/RabbitMQ.png
intl-zh-cn,应用中间件,分布式消息服务RocketMQ版,低延迟、高可靠，兼容开源RocketMQ,https://www.huaweicloud.com/intl/zh-cn/product/rocketmq.html,https://res-static.hc-cdn.cn/cloudbu-site/public/new-product-icon/Middleware/ROCKETMQ.png,Middleware/ROCKETMQ.png
intl-zh-cn,应用中间件,分布式缓存服务Memcached版,一个高性能、分布式的缓存系统,https://www.huaweicloud.com/intl/zh-cn/product/dcsmem.html,https://res-static.hc-cdn.cn/cloudbu-site/public/new-product-icon/Middleware/Memcached.png,Middleware/Memcached.png
intl-zh-cn,应用中间件,多活高可用服务 MAS,提供端到端业务故障切换及容灾演练能力,https://www.huaweicloud.com/intl/zh-cn/product/mas.html,https://res-static.hc-cdn.cn/cloudbu-site/public/new-product-icon/Middleware/MAS.png,Middleware/MAS.png
intl-zh-cn,应用中间件,微服务引擎 CSE,微服务快速注册发现、配置管理及治理,https://www.huaweicloud.com/intl/zh-cn/product/cse.html,https://res-static.hc-cdn.cn/cloudbu-site/public/new-product-icon/Middleware/CSE.png,Middleware/CSE.png
intl-zh-cn,开发与运维,云应用引擎 CAE,提供全托管的应用上云服务,https://www.huaweicloud.com/intl/zh-cn/product/cae.html,https://res-static.hc-cdn.cn/cloudbu-site/public/new-product-icon/DeveloperServices/CAE.png,DeveloperServices/CAE.png
intl-zh-cn,开发与运维,代码托管 CodeArts Repo,提供基于Git的在线代码托管服务,https://www.huaweicloud.com/intl/zh-cn/product/codehub.html,https://res-static.hc-cdn.cn/cloudbu-site/public/new-product-icon/DeveloperServices/CodeArtsRepo.png,DeveloperServices/CodeArtsRepo.png
intl-zh-cn,开发与运维,代码检查 CodeArts Check,基于云端实现代码质量管理的服务,https://www.huaweicloud.com/intl/zh-cn/product/codecheck.html,https://res-static.hc-cdn.cn/cloudbu-site/public/new-product-icon/DeveloperServices/CodeArtsCheck.png,DeveloperServices/CodeArtsCheck.png
intl-zh-cn,开发与运维,制品仓库 CodeArts Artifact,提供多类型、安全可靠的软件制品仓库,https://www.huaweicloud.com/intl/zh-cn/product/cloudrelease.html,https://res-static.hc-cdn.cn/cloudbu-site/public/new-product-icon/DeveloperServices/CodeArtsArtifact.png,DeveloperServices/CodeArtsArtifact.png
intl-zh-cn,开发与运维,华为云Astro轻应用,快速搭建低代码轻应用,https://www.huaweicloud.com/intl/zh-cn/product/appcube.html,https://res-static.hc-cdn.cn/cloudbu-site/public/new-product-icon/DeveloperServices/AstroZero.png,DeveloperServices/AstroZero.png
intl-zh-cn,开发与运维,应用管理与运维平台 ServiceStage,面向企业的一站式PaaS平台服务,https://www.huaweicloud.com/intl/zh-cn/product/servicestage.html,https://res-static.hc-cdn.cn/cloudbu-site/public/new-product-icon/DeveloperServices/ServiceStage.png,DeveloperServices/ServiceStage.png
intl-zh-cn,开发与运维,开源治理服务 CodeArts Governance,识别开源软件风险，高效安全的使用开源,https://www.huaweicloud.com/intl/zh-cn/product/codeartsgovernance.html,https://res-static.hc-cdn.cn/cloudbu-site/public/new-product-icon/DeveloperServices/DevSecurity.png,DeveloperServices/DevSecurity.png
intl-zh-cn,开发与运维,性能测试 CodeArts PerfTest,为应用的接口和全链路提供性能测试服务,https://www.huaweicloud.com/intl/zh-cn/product/cpts.html,https://res-static.hc-cdn.cn/cloudbu-site/public/new-product-icon/DeveloperServices/CodeArtsPerfTest.png,DeveloperServices/CodeArtsPerfTest.png
intl-zh-cn,开发与运维,流水线 CodeArts Pipeline,可视化、可定制的持续交付发布软件,https://www.huaweicloud.com/intl/zh-cn/product/cloudpipeline.html,https://res-static.hc-cdn.cn/cloudbu-site/public/new-product-icon/DeveloperServices/CodeArtsPipeline.png,DeveloperServices/CodeArtsPipeline.png
intl-zh-cn,开发与运维,测试计划 CodeArts TestPlan,面向开发者提供的一站式测试管理平台,https://www.huaweicloud.com/intl/zh-cn/product/cloudtest.html,https://res-static.hc-cdn.cn/cloudbu-site/public/new-product-icon/DeveloperServices/CodeArtsTestPlan.png,DeveloperServices/CodeArtsTestPlan.png
intl-zh-cn,开发与运维,编译构建 CodeArts Build,提供开箱即用、快速的构建能力,https://www.huaweicloud.com/intl/zh-cn/product/cloudbuild.html,https://res-static.hc-cdn.cn/cloudbu-site/public/new-product-icon/DeveloperServices/CodeArtsBuild.png,DeveloperServices/CodeArtsBuild.png
intl-zh-cn,开发与运维,软件开发生产线 CodeArts,内置华为实践的一站式软件开发平台,https://www.huaweicloud.com/intl/zh-cn/product/devcloud.html,https://res-static.hc-cdn.cn/cloudbu-site/public/new-product-icon/DeveloperServices/CodeArts.png,DeveloperServices/CodeArts.png
intl-zh-cn,开发与运维,部署 CodeArts Deploy,提供可视化、一键式部署服务,https://www.huaweicloud.com/intl/zh-cn/product/clouddeploy.html,https://res-static.hc-cdn.cn/cloudbu-site/public/new-product-icon/DeveloperServices/CodeArtsDeploy.png,DeveloperServices/CodeArtsDeploy.png
intl-zh-cn,开发与运维,需求管理 CodeArts Req,为研发团队提供高效需求管理服务,https://www.huaweicloud.com/intl/zh-cn/product/projectman.html,https://res-static.hc-cdn.cn/cloudbu-site/public/new-product-icon/DeveloperServices/CodeArtsReq.png,DeveloperServices/CodeArtsReq.png
intl-zh-cn,开天aPaaS,云消息服务 KooMessage,一站式富媒体消息服务,https://www.huaweicloud.com/intl/zh-cn/product/koomessage.html,https://res-static.hc-cdn.cn/cloudbu-site/public/new-product-icon/aPaaS/KooMessage.png,aPaaS/KooMessage.png
intl-zh-cn,开天aPaaS,云空间服务 KooDrive,数字内容中枢，内容协作更高效,https://www.huaweicloud.com/intl/zh-cn/product/koodrive.html,https://res-static.hc-cdn.cn/cloudbu-site/public/new-product-icon/aPaaS/KooDrive.png,aPaaS/KooDrive.png
intl-zh-cn,数据库,Flexus云数据库RDS,基于开源MySQL内核的轻量级数据库,https://www.huaweicloud.com/intl/zh-cn/product/flexus-rds.html,https://res-static.hc-cdn.cn/cloudbu-site/public/new-product-icon/Compute/FRDS.png,Compute/FRDS.png
intl-zh-cn,数据库,云原生多模数据库 GeminiDB,云原生多模数据库，兼容主流NoSQL协议,https://www.huaweicloud.com/intl/zh-cn/product/geminidb.html,https://res-static.hc-cdn.cn/cloudbu-site/public/new-product-icon/Databases/GaussDBfornosql.png,Databases/GaussDBfornosql.png
intl-zh-cn,数据库,云数据库 GaussDB,企业级分布式关系型数据库产品,https://www.huaweicloud.com/intl/zh-cn/product/gaussdb.html,https://res-static.hc-cdn.cn/cloudbu-site/public/new-product-icon/Databases/GaussDB.png,Databases/GaussDB.png
intl-zh-cn,数据库,云数据库 RDS for MariaDB,开源数据库、即开即用、稳定可靠,https://www.huaweicloud.com/intl/zh-cn/product/mariadb.html,https://res-static.hc-cdn.cn/cloudbu-site/public/new-product-icon/Databases/RDSforMariaDB.png,Databases/RDSforMariaDB.png
intl-zh-cn,数据库,云数据库 RDS for MySQL,开源、性能优越，搭配LAMP,https://www.huaweicloud.com/intl/zh-cn/product/mysql.html,https://res-static.hc-cdn.cn/cloudbu-site/public/new-product-icon/Databases/RDSforMySQL.png,Databases/RDSforMySQL.png
intl-zh-cn,数据库,云数据库 RDS for PostgreSQL,开源数据库，保证数据的可靠性和完整性,https://www.huaweicloud.com/intl/zh-cn/product/pg.html,https://res-static.hc-cdn.cn/cloudbu-site/public/new-product-icon/Databases/RDSforPostgreSQL.png,Databases/RDSforPostgreSQL.png
intl-zh-cn,数据库,云数据库 TaurusDB,完全兼容MySQL的企业级分布式数据库,https://www.huaweicloud.com/intl/zh-cn/product/taurusdb.html,https://res-static.hc-cdn.cn/cloudbu-site/public/new-product-icon/Databases/GaussDBforMySQL.png,Databases/GaussDBforMySQL.png
intl-zh-cn,数据库,分布式数据库中间件 DDM,实现海量数据高并发访问,https://www.huaweicloud.com/intl/zh-cn/product/ddm.html,https://res-static.hc-cdn.cn/cloudbu-site/public/new-product-icon/Databases/DDM.png,Databases/DDM.png
intl-zh-cn,数据库,分布式缓存服务 DCS,兼容Redis®的高速内存数据处理引擎,https://www.huaweicloud.com/intl/zh-cn/product/dcs.html,https://res-static.hc-cdn.cn/cloudbu-site/public/new-product-icon/Middleware/Redis.png,Middleware/Redis.png
intl-zh-cn,数据库,数据复制服务 DRS,业务不停机中完成数据库迁移上云,https://www.huaweicloud.com/intl/zh-cn/product/drs.html,https://res-static.hc-cdn.cn/cloudbu-site/public/new-product-icon/Databases/DRS.png,Databases/DRS.png
intl-zh-cn,数据库,数据库和应用迁移 UGO,专注于异构数据库结构迁移的专业云服务,https://www.huaweicloud.com/intl/zh-cn/product/ugo.html,https://res-static.hc-cdn.cn/cloudbu-site/public/new-product-icon/Databases/UGO.png,Databases/UGO.png
intl-zh-cn,数据库,数据管理服务 DAS,数据库管理专家,https://www.huaweicloud.com/intl/zh-cn/product/das.html,https://res-static.hc-cdn.cn/cloudbu-site/public/new-product-icon/Databases/DAS.png,Databases/DAS.png
intl-zh-cn,数据库,文档数据库服务 DDS,支持集群和副本集部署，弹性伸缩,https://www.huaweicloud.com/intl/zh-cn/product/dds.html,https://res-static.hc-cdn.cn/cloudbu-site/public/new-product-icon/Databases/DDS.png,Databases/DDS.png
intl-zh-cn,管理与监管,云审计服务 CTS,提供云账户下资源的操作记录,https://www.huaweicloud.com/intl/zh-cn/product/cts.html,https://res-static.hc-cdn.cn/cloudbu-site/public/new-product-icon/ManagementGovernance/CTS.png,ManagementGovernance/CTS.png
intl-zh-cn,管理与监管,云日志服务 LTS,提供日志收集、实时查询、存储等功能,https://www.huaweicloud.com/intl/zh-cn/product/lts.html,https://res-static.hc-cdn.cn/cloudbu-site/public/new-product-icon/ManagementGovernance/LTS.png,ManagementGovernance/LTS.png
intl-zh-cn,管理与监管,云监控服务 CES,提供云上及本地资源的立体化监控平台,https://www.huaweicloud.com/intl/zh-cn/product/ces.html,https://res-static.hc-cdn.cn/cloudbu-site/public/new-product-icon/ManagementGovernance/CES.png,ManagementGovernance/CES.png
intl-zh-cn,管理与监管,云运维中心 COC,提供安全、高效的一站式智能运维平台,https://www.huaweicloud.com/intl/zh-cn/product/coc.html,https://res-static.hc-cdn.cn/cloudbu-site/public/new-product-icon/ManagementGovernance/COC.png,ManagementGovernance/COC.png
intl-zh-cn,管理与监管,优化顾问 OA,一键识别云资源潜在风险并给出优化建议,https://www.huaweicloud.com/intl/zh-cn/product/oa.html,https://res-static.hc-cdn.cn/cloudbu-site/public/new-product-icon/ManagementGovernance/OA.png,ManagementGovernance/OA.png
intl-zh-cn,管理与监管,应用性能管理 APM,实时监控并管理企业应用性能和故障,https://www.huaweicloud.com/intl/zh-cn/product/apm.html,https://res-static.hc-cdn.cn/cloudbu-site/public/new-product-icon/ManagementGovernance/APM.png,ManagementGovernance/APM.png
intl-zh-cn,管理与监管,应用运维管理 AOM,提供立体运维平台，实时监控应用,https://www.huaweicloud.com/intl/zh-cn/product/aom.html,https://res-static.hc-cdn.cn/cloudbu-site/public/new-product-icon/ManagementGovernance/AOM.png,ManagementGovernance/AOM.png
intl-zh-cn,管理与监管,消息通知服务 SMN,依据用户的需求主动推送通知消息,https://www.huaweicloud.com/intl/zh-cn/product/smn.html,https://res-static.hc-cdn.cn/cloudbu-site/public/new-product-icon/ManagementGovernance/SMN.png,ManagementGovernance/SMN.png
intl-zh-cn,管理与监管,组织 Organizations,提供多账号关系的管理能力,https://www.huaweicloud.com/intl/zh-cn/product/organizations.html,https://res-static.hc-cdn.cn/cloudbu-site/public/new-product-icon/ManagementGovernance/Organizations.png,ManagementGovernance/Organizations.png
intl-zh-cn,管理与监管,统一身份认证服务 IAM,提供身份认证和权限管理功能,https://www.huaweicloud.com/intl/zh-cn/product/iam.html,https://res-static.hc-cdn.cn/cloudbu-site/public/new-product-icon/ManagementGovernance/IAM.png,ManagementGovernance/IAM.png
intl-zh-cn,管理与监管,资源治理中心 RGC,搭建并治理安全可扩展的多账号环境,https://www.huaweicloud.com/intl/zh-cn/product/rgc.html,https://res-static.hc-cdn.cn/cloudbu-site/public/new-product-icon/ManagementGovernance/RGC.png,ManagementGovernance/RGC.png
intl-zh-cn,管理与监管,资源编排服务 RFS,批量自动化创建云服务资源,https://www.huaweicloud.com/intl/zh-cn/product/aos.html,https://res-static.hc-cdn.cn/cloudbu-site/public/new-product-icon/ManagementGovernance/RFS.png,ManagementGovernance/RFS.png
intl-zh-cn,管理与监管,资源访问管理 RAM,提供安全的跨账号共享资源的能力,https://www.huaweicloud.com/intl/zh-cn/product/ram.html,https://res-static.hc-cdn.cn/cloudbu-site/public/new-product-icon/ManagementGovernance/RAM.png,ManagementGovernance/RAM.png
intl-zh-cn,管理与监管,配置审计 Config,提供全局资源配置管理，配置检测能力,https://www.huaweicloud.com/intl/zh-cn/product/rms.html,https://res-static.hc-cdn.cn/cloudbu-site/public/new-product-icon/ManagementGovernance/RMS.png,ManagementGovernance/RMS.png
intl-zh-cn,精选推荐,AI开发平台ModelArts,面向AI开发者的一站式开发平台,https://www.huaweicloud.com/intl/zh-cn/product/modelarts.html,https://res-static.hc-cdn.cn/cloudbu-site/public/new-product-icon/AI/ModelArts.png,AI/ModelArts.png
intl-zh-cn,精选推荐,Flexus云服务,新一代性能倍增、体验跃级的云服务系列,https://www.huaweicloud.com/intl/zh-cn/product/flexus.html,https://res-static.hc-cdn.cn/cloudbu-site/public/new-product-icon/Compute/Flexus.png,Compute/Flexus.png
intl-zh-cn,精选推荐,云容器引擎 CCE,提供高可靠的企业级容器应用管理服务,https://www.huaweicloud.com/intl/zh-cn/product/cce.html,https://res-static.hc-cdn.cn/cloudbu-site/public/new-product-icon/Containers/CCE.png,Containers/CCE.png
intl-zh-cn,精选推荐,云搜索服务 CSS,提供多条件检索与分析能力,https://www.huaweicloud.com/intl/zh-cn/product/css.html,https://res-static.hc-cdn.cn/cloudbu-site/public/new-product-icon/Analytics/CSS.png,Analytics/CSS.png
intl-zh-cn,精选推荐,云数据库 GaussDB,新一代企业级分布式关系型数据库产品,https://www.huaweicloud.com/intl/zh-cn/product/gaussdb.html,https://res-static.hc-cdn.cn/cloudbu-site/public/new-product-icon/Databases/GaussDB.png,Databases/GaussDB.png
intl-zh-cn,精选推荐,云空间服务 KooDrive,数字内容中枢，内容协作更高效,https://www.huaweicloud.com/intl/zh-cn/product/koodrive.html,https://res-static.hc-cdn.cn/cloudbu-site/public/new-product-icon/aPaaS/KooDrive.png,aPaaS/KooDrive.png
intl-zh-cn,精选推荐,对象存储服务 OBS,稳定、安全、高效、易用的云存储服务,https://www.huaweicloud.com/intl/zh-cn/product/obs.html,https://res-static.hc-cdn.cn/cloudbu-site/public/new-product-icon/Storage/OBS.png,Storage/OBS.png
intl-zh-cn,精选推荐,弹性云服务器 ECS,可随时自动获取、弹性伸缩的云服务器,https://www.huaweicloud.com/intl/zh-cn/product/ecs.html,https://res-static.hc-cdn.cn/cloudbu-site/public/new-product-icon/Compute/ECS.png,Compute/ECS.png
intl-zh-cn,精选推荐,弹性负载均衡 ELB,将流量自动分发到多台云服务器,https://www.huaweicloud.com/intl/zh-cn/product/elb.html,https://res-static.hc-cdn.cn/cloudbu-site/public/new-product-icon/Networking/ELB.png,Networking/ELB.png
intl-zh-cn,精选推荐,虚拟私有云 VPC,隔离的、私密的虚拟网络环境,https://www.huaweicloud.com/intl/zh-cn/product/vpc.html,https://res-static.hc-cdn.cn/cloudbu-site/public/new-product-icon/Networking/VPC.png,Networking/VPC.png
intl-zh-cn,网络,NAT网关 NAT,提供网络地址转换服务,https://www.huaweicloud.com/intl/zh-cn/product/nat.html,https://res-static.hc-cdn.cn/cloudbu-site/public/new-product-icon/Networking/NAT.png,Networking/NAT.png
intl-zh-cn,网络,VPC终端节点 VPCEP,提供VPC之间的私密连接通道,https://www.huaweicloud.com/intl/zh-cn/product/vpcep.html,https://res-static.hc-cdn.cn/cloudbu-site/public/new-product-icon/Networking/VPCEP.png,Networking/VPCEP.png
intl-zh-cn,网络,云专线 DC,搭建本地数据中心与VPC间的专属连接通道,https://www.huaweicloud.com/intl/zh-cn/product/dc.html,https://res-static.hc-cdn.cn/cloudbu-site/public/new-product-icon/Networking/DC.png,Networking/DC.png
intl-zh-cn,网络,云解析服务 DNS,提供高可用，高扩展的DNS和管理服务,https://www.huaweicloud.com/intl/zh-cn/product/dns.html,https://res-static.hc-cdn.cn/cloudbu-site/public/new-product-icon/BusinessApplications/DNS.png,BusinessApplications/DNS.png
intl-zh-cn,网络,云连接 CC,支持多Region VPC互通的混合云组网,https://www.huaweicloud.com/intl/zh-cn/product/cc.html,https://res-static.hc-cdn.cn/cloudbu-site/public/new-product-icon/Networking/CC.png,Networking/CC.png
intl-zh-cn,网络,企业交换机 ESW,云上与云下的大二层连接通道,https://www.huaweicloud.com/intl/zh-cn/product/esw.html,https://res-static.hc-cdn.cn/cloudbu-site/public/new-product-icon/Networking/ESW.png,Networking/ESW.png
intl-zh-cn,网络,企业路由器 ER,提供高可靠的集中路由管理能力,https://www.huaweicloud.com/intl/zh-cn/product/er.html,https://res-static.hc-cdn.cn/cloudbu-site/public/new-product-icon/Networking/ER.png,Networking/ER.png
intl-zh-cn,网络,全球加速 GA,提供SLA稳定的加速传输,https://www.huaweicloud.com/intl/zh-cn/product/ga.html,https://res-static.hc-cdn.cn/cloudbu-site/public/new-product-icon/Networking/GA.png,Networking/GA.png
intl-zh-cn,网络,弹性公网IP EIP,提供独立的公网IP资源,https://www.huaweicloud.com/intl/zh-cn/product/eip.html,https://res-static.hc-cdn.cn/cloudbu-site/public/new-product-icon/Networking/EIP.png,Networking/EIP.png
intl-zh-cn,网络,弹性负载均衡 ELB,将流量自动分发到多台云服务器,https://www.huaweicloud.com/intl/zh-cn/product/elb.html,https://res-static.hc-cdn.cn/cloudbu-site/public/new-product-icon/Networking/ELB.png,Networking/ELB.png
intl-zh-cn,网络,虚拟专用网络 VPN,数据中心与华为云的IPsec加密连接通道,https://www.huaweicloud.com/intl/zh-cn/product/vpn.html,https://res-static.hc-cdn.cn/cloudbu-site/public/new-product-icon/Networking/VPN.png,Networking/VPN.png
intl-zh-cn,网络,虚拟私有云 VPC,隔离的、私密的虚拟网络环境,https://www.huaweicloud.com/intl/zh-cn/product/vpc.html,https://res-static.hc-cdn.cn/cloudbu-site/public/new-product-icon/Networking/VPC.png,Networking/VPC.png
intl-zh-cn,视频,媒体处理 MPC,经济、高效、弹性的音视频转码和处理,https://www.huaweicloud.com/intl/zh-cn/product/mpc.html,https://res-static.hc-cdn.cn/cloudbu-site/public/new-product-icon/MediaServices/MPC.png,MediaServices/MPC.png
intl-zh-cn,视频,数字内容生产线MetaStudio,提供一站式数字内容生产解决方案,https://www.huaweicloud.com/intl/zh-cn/product/metastudio.html,https://res-static.hc-cdn.cn/cloudbu-site/public/new-product-icon/MediaServices/MetaStudio.png,MediaServices/MetaStudio.png
intl-zh-cn,视频,行业视频管理服务 IVM,面向机器视觉设备提供统一的设备管理,https://www.huaweicloud.com/intl/zh-cn/product/ivm.html,https://res-static.hc-cdn.cn/cloudbu-site/public/new-product-icon/SecurityCompliance/IVM.png,SecurityCompliance/IVM.png
intl-zh-cn,视频,视频点播VOD,安全、流畅、可定制的视频点播服务,https://www.huaweicloud.com/intl/zh-cn/product/vod.html,https://res-static.hc-cdn.cn/cloudbu-site/public/new-product-icon/MediaServices/VOD.png,MediaServices/VOD.png
intl-zh-cn,视频,视频直播 Live,端到端视频直播解决方案,https://www.huaweicloud.com/intl/zh-cn/product/live.html,https://res-static.hc-cdn.cn/cloudbu-site/public/new-product-icon/MediaServices/Live.png,MediaServices/Live.png
intl-zh-cn,计算,Flexus云服务,新一代性能倍增、体验跃级的云服务系列,https://www.huaweicloud.com/intl/zh-cn/product/flexus.html,https://res-static.hc-cdn.cn/cloudbu-site/public/new-product-icon/Compute/Flexus.png,Compute/Flexus.png
intl-zh-cn,计算,Flexus云服务器X实例,柔性算力，六倍性能，旗舰体验,https://www.huaweicloud.com/intl/zh-cn/product/flexus-x.html,https://res-static.hc-cdn.cn/cloudbu-site/public/new-product-icon/Compute/FECSX.png,Compute/FECSX.png
intl-zh-cn,计算,Flexus应用服务器L实例,即开即用的轻量型云服务器,https://www.huaweicloud.com/intl/zh-cn/product/flexus-l.html,https://res-static.hc-cdn.cn/cloudbu-site/public/new-product-icon/Compute/FECSL.png,Compute/FECSL.png
intl-zh-cn,计算,GPU加速云服务器 GACS,提供GPU计算资源的弹性云服务器,https://www.huaweicloud.com/intl/zh-cn/product/gpu.html,https://res-static.hc-cdn.cn/cloudbu-site/public/new-product-icon/Compute/GACS.png,Compute/GACS.png
intl-zh-cn,计算,专属主机 DeH,满足对计算资源的隔离和性能要求,https://www.huaweicloud.com/intl/zh-cn/product/deh.html,https://res-static.hc-cdn.cn/cloudbu-site/public/new-product-icon/Compute/DeH.png,Compute/DeH.png
intl-zh-cn,计算,专属计算集群服务 DCC,提供资源物理隔离的专属计算资源池,https://www.huaweicloud.com/intl/zh-cn/product/dcc.html,https://res-static.hc-cdn.cn/cloudbu-site/public/new-product-icon/Compute/dcc.png,Compute/dcc.png
intl-zh-cn,计算,云化数据中心 CloudDC,助力自持资产客户快速云化转型,https://www.huaweicloud.com/intl/zh-cn/product/clouddc.html,https://res-static.hc-cdn.cn/cloudbu-site/public/new-product-icon/Compute/CloudDC.svg,Compute/CloudDC.svg
intl-zh-cn,计算,云手机服务器 CPH,具有虚拟手机功能的云服务器,https://www.huaweicloud.com/intl/zh-cn/product/cph.html,https://res-static.hc-cdn.cn/cloudbu-site/public/new-product-icon/Compute/CPH.png,Compute/CPH.png
intl-zh-cn,计算,函数工作流 FunctionGraph,用户无需配置或管理服务器,https://www.huaweicloud.com/intl/zh-cn/product/functiongraph.html,https://res-static.hc-cdn.cn/cloudbu-site/public/new-product-icon/Compute/FunctionGraph.png,Compute/FunctionGraph.png
intl-zh-cn,计算,弹性云服务器 ECS,可随时自动获取、弹性伸缩的云服务器,https://www.huaweicloud.com/intl/zh-cn/product/ecs.html,https://res-static.hc-cdn.cn/cloudbu-site/public/new-product-icon/Compute/ECS.png,Compute/ECS.png
intl-zh-cn,计算,弹性伸缩 AS,自动调整计算资源,https://www.huaweicloud.com/intl/zh-cn/product/as.html,https://res-static.hc-cdn.cn/cloudbu-site/public/new-product-icon/Compute/AS.png,Compute/AS.png
intl-zh-cn,计算,裸金属服务器 BMS,高性能、高安全的云上物理服务器,https://www.huaweicloud.com/intl/zh-cn/product/bms.html,https://res-static.hc-cdn.cn/cloudbu-site/public/new-product-icon/Compute/BMS.png,Compute/BMS.png
intl-zh-cn,计算,镜像服务 IMS,提供完善的镜像管理能力,https://www.huaweicloud.com/intl/zh-cn/product/ims.html,https://res-static.hc-cdn.cn/cloudbu-site/public/new-product-icon/Compute/IMS.png,Compute/IMS.png
intl-zh-cn,迁移,主机迁移服务 SMS,把数据中心或其他云上主机迁移到华为云,https://www.huaweicloud.com/intl/zh-cn/product/sms.html,https://res-static.hc-cdn.cn/cloudbu-site/public/new-product-icon/Migration/SMS.png,Migration/SMS.png
intl-zh-cn,迁移,云数据迁移 CDM,提供同/异构数据源之间批量数据迁移服务,https://www.huaweicloud.com/intl/zh-cn/product/cdm.html,https://res-static.hc-cdn.cn/cloudbu-site/public/new-product-icon/Migration/CDM.png,Migration/CDM.png
intl-zh-cn,迁移,对象存储迁移服务 OMS,实现公有云对象存储数据迁移,https://www.huaweicloud.com/intl/zh-cn/product/oms.html,https://res-static.hc-cdn.cn/cloudbu-site/public/new-product-icon/Migration/OMS.png,Migration/OMS.png
intl-zh-cn,迁移,迁移中心 MgC,一站式迁移和现代化平台,https://www.huaweicloud.com/intl/zh-cn/product/mgc.html,https://res-static.hc-cdn.cn/cloudbu-site/public/new-product-icon/Migration/MGC.png,Migration/MGC.png
